iter	MAE	RMSE
0	0.2843627567	0.3517676441
1	0.283343617	0.3505217787
2	0.2823692663	0.3493520436
3	0.2813531772	0.3481417821
4	0.2803577301	0.346951654
5	0.2793506486	0.3457574057
6	0.2783551651	0.3445788263
7	0.2773836543	0.3434207751
8	0.2764057008	0.3422593361
9	0.2754597011	0.3411389435
10	0.2745252881	0.3400301388
11	0.2736034422	0.3389430269
12	0.272673963	0.3378547913
13	0.2717299018	0.3367612895
14	0.2708932016	0.3357880889
15	0.2700028883	0.3347502931
16	0.2691264059	0.3337390185
17	0.2682461262	0.3327184117
18	0.2674159706	0.3317629675
19	0.2665457057	0.3307703651
20	0.265720287	0.3298271223
21	0.2649188773	0.3289058698
22	0.2641251732	0.328000033
23	0.2633417079	0.3270834427
24	0.2626149304	0.3262412249
25	0.2618723068	0.3253794024
26	0.261108546	0.3245001105
27	0.2603058538	0.3235800256
28	0.2595887521	0.3227443864
29	0.258880164	0.3219286562
30	0.2581392387	0.3210757896
31	0.2574322494	0.3202522797
32	0.2567119967	0.3194216676
33	0.2560387544	0.3186382082
34	0.25535108	0.3178518581
35	0.2546611248	0.3170599158
36	0.2540284257	0.3163202281
37	0.253180196	0.3153534252
38	0.2523023442	0.3143463479
39	0.2514937656	0.3134369279
40	0.2506242123	0.3124710981
41	0.2497634464	0.3114993927
42	0.2489345921	0.3105514589
43	0.2481247121	0.3096504541
44	0.2473451961	0.3087378585
45	0.2465648052	0.3078414966
46	0.2457839654	0.3069596646
47	0.2450225502	0.3060825989
48	0.244277086	0.3052038222
49	0.2435288444	0.3043530737
50	0.2427993634	0.3035322762
51	0.2420965243	0.302733261
52	0.2413811027	0.3019087225
53	0.2406761635	0.3011104981
54	0.239993444	0.3003430247
55	0.2392702421	0.2995161193
56	0.2385695029	0.2987282544
57	0.2379224685	0.2980037789
58	0.2372689114	0.2972503263
59	0.2366115867	0.2965077548
60	0.2359836374	0.2957844563
61	0.2353352005	0.2950490654
62	0.2346929013	0.294327293
63	0.2340865543	0.2936362436
64	0.2334455975	0.2929142012
65	0.2329076391	0.2923153461
66	0.2322849607	0.2916068664
67	0.2316957837	0.2909493319
68	0.2310880687	0.2902634562
69	0.2305042003	0.2896120474
70	0.2299350202	0.2889675426
71	0.2293947667	0.2883555207
72	0.2288424756	0.2877338636
73	0.2282902416	0.2871091751
74	0.2277748812	0.2865215629
75	0.2272061989	0.285893315
76	0.22670249	0.2853292652
77	0.2261713162	0.2847450146
78	0.2256162454	0.2841344212
79	0.2250931425	0.2835439587
80	0.2245759495	0.2829611138
81	0.2240742727	0.2824144782
82	0.2235602142	0.2818559408
83	0.2230877443	0.2813244053
84	0.2226169241	0.2808083489
85	0.222094211	0.2802305901
86	0.221616865	0.2796969582
87	0.2211380584	0.2791532659
88	0.2206816689	0.2786562761
89	0.2202198649	0.2781561337
90	0.2197611359	0.2776412054
91	0.2193238095	0.2771571455
92	0.218855735	0.2766368381
93	0.21840351	0.276134941
94	0.2179613499	0.2756568265
95	0.2175061687	0.2751744014
96	0.2170741274	0.2747006759
97	0.2166864761	0.2742730768
98	0.2162802785	0.2738322838
99	0.2158523634	0.2733545458
100	0.2154486215	0.2729088621
101	0.2150391872	0.2724553252
102	0.2146839007	0.2720564876
103	0.2142549643	0.2715856108
104	0.2138561518	0.2711477187
105	0.2134651446	0.2707046113
106	0.2130650284	0.270265041
107	0.2127040187	0.2698570377
108	0.2123446281	0.2694625377
109	0.211987448	0.2690669006
110	0.2116096936	0.2686561766
111	0.2112556055	0.2682631036
112	0.2109067094	0.2678840324
113	0.2105591651	0.2675041317
114	0.2102471432	0.2671545037
115	0.2099168415	0.2667880843
116	0.2095700804	0.2663984867
117	0.2092181742	0.2660024003
118	0.2088934554	0.2656533344
119	0.208564602	0.2652891314
120	0.2082505864	0.2649513396
121	0.2079258608	0.2645964488
122	0.207602017	0.2642473951
123	0.2072884544	0.263909709
124	0.2070017305	0.2635958644
125	0.2066957443	0.2632397529
126	0.2063706324	0.2628903585
127	0.2060640058	0.262555682
128	0.2057727064	0.2622335478
129	0.2054662683	0.261878314
130	0.2051357	0.261502115
131	0.2048291164	0.2611561036
132	0.2045222023	0.2608182755
133	0.2042593874	0.2605226388
134	0.2039934917	0.2602243969
135	0.2037252753	0.2599202203
136	0.2034618602	0.2596323125
137	0.2031935936	0.2593272199
138	0.202923779	0.2590324299
139	0.2026791815	0.2587585566
140	0.2024215701	0.2584623168
141	0.2021570921	0.2581723045
142	0.2019380537	0.2579167126
143	0.2016811852	0.2576325513
144	0.2014351433	0.2573609612
145	0.201162656	0.2570609735
146	0.2009421812	0.2568214215
147	0.200675678	0.2565252224
148	0.2004202502	0.2562360844
149	0.2001546005	0.2559424131
150	0.1999114464	0.2556719627
151	0.1996605699	0.2553890744
152	0.1994710163	0.2551775652
153	0.199231481	0.2549087605
154	0.1989772095	0.2546297105
155	0.1987558313	0.2543769836
156	0.1985477386	0.2541375515
157	0.1983231852	0.2538876347
158	0.1980949254	0.2536325642
159	0.1979112576	0.2534316037
160	0.1976950844	0.2531836036
161	0.1974887713	0.2529521128
162	0.1972714525	0.2527220359
163	0.1970912871	0.2525122153
164	0.1969080216	0.2523003931
165	0.1967182904	0.2520797693
166	0.1965025042	0.2518418638
167	0.1963061943	0.2516147527
168	0.1961121326	0.2513987155
169	0.1959368682	0.2512036367
170	0.1957462121	0.250978946
171	0.1955437324	0.2507627671
172	0.1953564159	0.2505536243
173	0.1951757852	0.2503403541
174	0.1949868599	0.2501358607
175	0.1947954055	0.2499173521
176	0.1946211664	0.2497208622
177	0.1944572086	0.2495342285
178	0.1943088276	0.2493673266
179	0.1941284968	0.2491701851
180	0.1939447706	0.2489744443
181	0.193762037	0.2487655912
182	0.1935947503	0.2485686509
183	0.193413476	0.2483621661
184	0.1932515168	0.2481820787
185	0.1930989729	0.248012579
186	0.1929634132	0.2478558472
187	0.1928003236	0.2476667791
188	0.1926658557	0.2475175704
189	0.1925167981	0.2473495837
190	0.1923457878	0.2471549859
191	0.1921866118	0.2469784292
192	0.1920300127	0.2468046627
193	0.1918915562	0.2466570495
194	0.1917706789	0.2465218025
195	0.191619368	0.2463490008
196	0.191484264	0.2461994926
197	0.1913442424	0.2460476326
198	0.1912084859	0.2458977071
199	0.1910817955	0.2457572962
200	0.1909340516	0.2455899312
201	0.1907837312	0.2454208835
202	0.1906072642	0.2452369958
203	0.1904727036	0.2450866611
204	0.1903131557	0.2449192589
205	0.1901953675	0.2447874819
206	0.1900508739	0.2446323318
207	0.1899344251	0.2444969172
208	0.1898122975	0.2443606454
209	0.189660788	0.2441854083
210	0.1895229545	0.2440285506
211	0.1894232758	0.2439200172
212	0.1893138748	0.243797773
213	0.1891693384	0.2436506842
214	0.1890439269	0.2435047681
215	0.1889393768	0.2433876592
216	0.188805813	0.2432473698
217	0.1886839828	0.2431025446
218	0.1885522004	0.2429607667
219	0.1884453309	0.2428299379
220	0.1883348779	0.2426960745
221	0.1882041974	0.242563946
222	0.1880864643	0.242436791
223	0.1879745334	0.2423178731
224	0.1878645035	0.2421930377
225	0.1877414269	0.2420514583
226	0.1876049091	0.241905147
227	0.1875103834	0.2418026701
228	0.1874005932	0.2416856113
229	0.1872718002	0.2415416882
230	0.1871560011	0.2414127567
231	0.1870178281	0.2412689854
232	0.1869236753	0.2411680346
233	0.1868298451	0.2410688073
234	0.1867466867	0.2409787553
235	0.1866515224	0.2408716444
236	0.1865500629	0.2407523911
237	0.1864132754	0.2406079465
238	0.1863021587	0.2404838975
239	0.1862029074	0.2403719062
240	0.1861137022	0.2402751536
241	0.1860130743	0.2401581984
242	0.1859243214	0.2400571228
243	0.1858222015	0.239942905
244	0.1857061252	0.2398182958
245	0.185612519	0.2397061905
246	0.1855082888	0.2395917433
247	0.1854339709	0.2395062261
248	0.1853377924	0.2393888383
249	0.1852553397	0.2392982529
250	0.185151612	0.2391855096
251	0.185068074	0.2390980606
252	0.1849809926	0.23899052
253	0.1848911845	0.238874329
254	0.1848040202	0.2387690331
255	0.1847256287	0.2386857096
256	0.1846227405	0.2385727351
257	0.1845483452	0.238490726
258	0.1844538716	0.2383815841
259	0.1843630127	0.2382787177
260	0.1842654414	0.238157674
261	0.1841845799	0.2380742624
262	0.1841092418	0.2379876813
263	0.1840281874	0.2379027124
264	0.1839638693	0.2378330171
265	0.1838413302	0.2377065731
266	0.1837617981	0.2376215427
267	0.183664081	0.2375137963
268	0.1835728438	0.2373978923
269	0.1834763593	0.2372957479
270	0.1834123662	0.2372266189
271	0.1833208465	0.2371179388
272	0.183229636	0.2370078607
273	0.1831706504	0.2369362935
274	0.1830779949	0.2368236151
275	0.1830119931	0.2367470293
276	0.1829274264	0.23664601
277	0.1828403393	0.2365526899
278	0.1827597701	0.2364707731
279	0.1826697691	0.2363784273
280	0.1825604063	0.2362571435
281	0.1824892738	0.2361705744
282	0.1824250472	0.2360984506
283	0.1823442781	0.2360074262
284	0.1822738571	0.2359192094
285	0.1822104939	0.2358539807
286	0.1821352443	0.2357707715
287	0.1820709992	0.2356937355
288	0.1820171544	0.235631058
289	0.1819505989	0.2355448056
290	0.1818808604	0.2354610559
291	0.1818102509	0.2353850023
292	0.1817507755	0.2353234361
293	0.1816881478	0.2352523829
294	0.1816179612	0.2351642978
295	0.1815167652	0.235049352
296	0.1814508745	0.2349710295
297	0.1813835618	0.2348936582
298	0.1813344514	0.234836154
299	0.181283586	0.234778813
300	0.1812136906	0.2347028978
301	0.1811258679	0.2346075657
302	0.1810427016	0.2345153553
303	0.1809791928	0.2344449926
304	0.1809263704	0.2343877556
305	0.1808665011	0.2343185353
306	0.1808105478	0.2342461928
307	0.1807479777	0.2341746893
308	0.1806918851	0.2341043394
309	0.1806047315	0.234003616
310	0.1805520816	0.2339459491
311	0.1804864995	0.2338776734
312	0.1804219532	0.2338092909
313	0.1803639581	0.2337470025
314	0.1803072356	0.233670976
315	0.1802434598	0.2335915168
316	0.1801874779	0.2335244253
317	0.1801302656	0.2334549215
318	0.1800708509	0.2333773733
319	0.1800214982	0.2333210825
320	0.1799571673	0.2332524156
321	0.1798849504	0.2331618939
322	0.1797883137	0.2330580928
323	0.1797395582	0.2329907983
324	0.1796723681	0.2329128125
325	0.1796239809	0.2328596815
326	0.179575288	0.2328024675
327	0.1795332172	0.2327565372
328	0.1794878962	0.2327069441
329	0.1794311321	0.2326364252
330	0.1793528484	0.2325528055
331	0.1792910308	0.2324768809
332	0.1792295032	0.2324006476
333	0.1791719441	0.2323348178
334	0.1791335558	0.2322887687
335	0.1790331376	0.2321804635
336	0.1789591437	0.2320961502
337	0.1789055559	0.2320376458
338	0.1788423751	0.231965274
339	0.1787723236	0.2318830954
340	0.1787276128	0.2318265563
341	0.1786818759	0.231768192
342	0.1785864903	0.2316602947
343	0.178512444	0.2315791205
344	0.1784728568	0.2315247145
345	0.1784253148	0.2314726015
346	0.1783627105	0.2314011426
347	0.1783194421	0.2313582941
348	0.1782548064	0.2312870023
349	0.1782063663	0.2312245049
350	0.1781336393	0.2311472094
351	0.1780796554	0.2310879384
352	0.1780363512	0.231037587
353	0.1779784874	0.2309738805
354	0.1779297219	0.2309164828
355	0.177868067	0.2308487473
356	0.17778701	0.2307602775
357	0.1777457247	0.2307152797
358	0.1777191024	0.2306853152
359	0.1776623582	0.2306217237
360	0.1775973105	0.2305585239
361	0.177544673	0.2305031368
362	0.1774513633	0.230407347
363	0.1773969602	0.2303440586
364	0.1773542032	0.2302934376
365	0.1773039617	0.2302366062
366	0.1772445723	0.2301756885
367	0.1771942306	0.2301123929
368	0.1771386844	0.2300549243
369	0.1770502987	0.2299638585
370	0.1769678851	0.2298777412
371	0.1769184519	0.2298232974
372	0.1768919456	0.2297913317
373	0.1768462584	0.2297407304
374	0.1767912449	0.2296752003
375	0.1767590097	0.2296310625
376	0.1767038358	0.2295733488
377	0.1766530651	0.2295104732
378	0.1766041614	0.2294558387
379	0.1765281124	0.229371832
380	0.1764895674	0.2293253034
381	0.1764479285	0.2292797567
382	0.1763966708	0.229211697
383	0.1763352101	0.2291391309
384	0.1762810594	0.2290774548
385	0.1762426809	0.2290304445
386	0.1761607494	0.2289463039
387	0.1760786949	0.2288496817
388	0.1759952764	0.2287611259
389	0.1759502505	0.228709164
390	0.1759058302	0.2286610637
391	0.1758725426	0.2286263247
392	0.175827139	0.2285715719
393	0.1757705275	0.2285085866
394	0.175745504	0.2284797088
395	0.1756750967	0.2284027421
396	0.1756367138	0.2283667786
397	0.1755957406	0.2283184818
398	0.1755449458	0.2282586959
399	0.175482839	0.228192558
400	0.1754184365	0.2281262577
401	0.1753442391	0.2280499849
402	0.175300185	0.2279924037
403	0.1752637517	0.2279475037
404	0.1752226693	0.2279081553
405	0.1751782827	0.2278537782
406	0.1750918901	0.2277505151
407	0.1750526381	0.2277067755
408	0.1750144905	0.2276613823
409	0.1749733229	0.2276191098
410	0.1749393799	0.227580203
411	0.1749032069	0.2275408434
412	0.1748533342	0.2274890361
413	0.1748161294	0.2274469254
414	0.1747805691	0.2274015893
415	0.1747346247	0.2273488426
416	0.1747128882	0.2273254259
417	0.1746660658	0.2272738594
418	0.1746240096	0.2272231804
419	0.1745796859	0.2271724063
420	0.1745366761	0.2271238746
421	0.1744927357	0.2270681491
422	0.1744430856	0.2270130552
423	0.1744072835	0.226974986
424	0.1743689973	0.2269318615
425	0.1743399109	0.2268978922
426	0.1742919339	0.2268427568
427	0.1742412517	0.2267890047
428	0.1742095174	0.2267530625
429	0.1741753563	0.2267202932
430	0.1741479096	0.2266849807
431	0.1740902571	0.2266239124
432	0.1740560962	0.226580175
433	0.1739963949	0.2265037837
434	0.1739591506	0.2264588265
435	0.1739229252	0.2264155866
436	0.1738856419	0.2263707957
437	0.1738515013	0.2263304515
438	0.1738186513	0.2262911011
439	0.1737844944	0.2262529959
440	0.1737290372	0.2261961102
441	0.1736954981	0.2261597154
442	0.17366285	0.2261246328
443	0.1736339843	0.2260953949
444	0.1736072365	0.2260605
445	0.1735561718	0.2259931853
446	0.1735390026	0.225971337
447	0.1735032276	0.2259285169
448	0.1734568666	0.225872363
449	0.1734266085	0.225837418
450	0.1734076073	0.2258174551
451	0.1733644343	0.2257676752
452	0.1733304075	0.225728959
453	0.1732949663	0.2256842987
454	0.1732580564	0.225644151
455	0.1732268366	0.2256052411
456	0.1731678101	0.2255390135
457	0.1731229397	0.2254886575
458	0.1730959061	0.2254564765
459	0.1730593477	0.2254207643
460	0.1730172084	0.2253714279
461	0.1729720401	0.2253158179
462	0.1729477119	0.2252889817
463	0.1729232301	0.2252627678
464	0.1728861124	0.2252177616
465	0.1728491358	0.2251727294
466	0.17279578	0.2251156552
467	0.1727362527	0.225054165
468	0.1727091929	0.225023227
469	0.1726811616	0.2249929812
470	0.1726421569	0.2249469885
471	0.1726154259	0.2249180239
472	0.172588501	0.2248903822
473	0.1725543752	0.2248491543
474	0.1725102694	0.224803095
475	0.1724848518	0.2247694759
476	0.172457639	0.2247434707
477	0.1724311352	0.2247108404
478	0.172411054	0.2246869485
479	0.1723816396	0.224652822
480	0.1723592742	0.2246285602
481	0.1723301986	0.2245895685
482	0.1723118327	0.2245683571
483	0.1722712547	0.2245239584
484	0.172234898	0.2244847401
485	0.1722043124	0.2244482854
486	0.1721731085	0.2244108999
487	0.1721329504	0.2243645737
488	0.1721181793	0.2243478835
489	0.1720808056	0.2243086344
490	0.1720638677	0.2242901341
491	0.1720356448	0.2242559965
492	0.1720161584	0.2242335872
493	0.1719930574	0.224208213
494	0.1719686483	0.224174421
495	0.1719438339	0.22414641
496	0.1719140427	0.2241067294
497	0.1718860758	0.2240779992
498	0.1718494168	0.2240404243
499	0.171816231	0.2239999146
500	0.1717861718	0.2239664686
501	0.1717480927	0.2239267932
502	0.1717283856	0.2239036042
503	0.1717015754	0.223867916
504	0.1716386881	0.2238063314
505	0.1716039079	0.2237689793
506	0.1715699924	0.2237283709
507	0.1715475824	0.2236989658
508	0.1715057957	0.223649564
509	0.1714656328	0.2236032312
510	0.1714308496	0.2235642386
511	0.171386482	0.2235166494
512	0.1713673926	0.2234939406
513	0.1713466466	0.2234720008
514	0.1713193169	0.2234410251
515	0.171271084	0.223387083
516	0.1712455854	0.2233536366
517	0.1712185975	0.2233235216
518	0.1711908802	0.223291061
519	0.1711621309	0.2232601626
520	0.1711299291	0.2232257351
521	0.1711067506	0.2232028759
522	0.1710921237	0.2231886026
523	0.1710650724	0.2231579149
524	0.1710239835	0.2231152559
525	0.1709966502	0.2230826595
526	0.1709606939	0.2230426453
527	0.1709188857	0.2229964973
528	0.1708990849	0.2229736503
529	0.17086974	0.2229393877
530	0.1708425674	0.2229076525
531	0.1708279334	0.2228910269
532	0.1707776569	0.2228347918
533	0.1707574311	0.2228104682
534	0.1707231707	0.2227758652
535	0.170702499	0.222750085
536	0.1706753033	0.2227160874
537	0.1706390737	0.2226766153
538	0.1706176353	0.2226485153
539	0.1705601737	0.2225874879
540	0.1705397587	0.2225630462
541	0.1705266518	0.2225491548
542	0.1704928901	0.2225076883
543	0.1704745794	0.2224856689
544	0.1704322875	0.2224423779
545	0.170397152	0.2224082008
546	0.170366342	0.2223698398
547	0.1703420138	0.2223430364
548	0.1703194071	0.222314226
549	0.1702878142	0.222282553
550	0.1702664782	0.2222623167
551	0.1702564519	0.2222495459
552	0.1702343135	0.2222246422
553	0.1702051896	0.2221905664
554	0.170173449	0.2221598279
555	0.1701362646	0.2221146139
556	0.170112329	0.2220857566
557	0.1700915691	0.2220614995
558	0.1700812771	0.2220485784
559	0.1700647658	0.2220314838
560	0.1700542007	0.2220216163
561	0.1700327927	0.2219966798
562	0.1700010317	0.2219646874
563	0.1699837851	0.221942784
564	0.16995316	0.2219092407
565	0.1699300091	0.2218855324
566	0.1698902196	0.2218440273
567	0.1698770397	0.2218277221
568	0.1698604964	0.2218028984
569	0.1698408975	0.2217811877
570	0.1698046253	0.2217409836
571	0.1697754894	0.2217089744
572	0.1697402985	0.2216730134
573	0.1697270327	0.221657747
574	0.1697063846	0.2216335703
575	0.1696849717	0.2216063481
576	0.1696655583	0.2215846165
577	0.1696432311	0.2215582073
578	0.1696257213	0.2215381751
579	0.1696040893	0.2215165803
580	0.1695956849	0.2215072804
581	0.1695725664	0.221480905
582	0.1695639472	0.2214711991
583	0.1695464474	0.2214494935
584	0.1695232118	0.2214239662
585	0.1694972986	0.2213893196
586	0.1694726287	0.2213613535
587	0.1694568905	0.2213437351
588	0.1694426569	0.2213274536
589	0.169420582	0.2213050674
590	0.1694089964	0.2212929311
591	0.1693827809	0.2212589091
592	0.1693683007	0.2212418426
593	0.1693379218	0.2212088096
594	0.1693015486	0.2211610814
595	0.169274595	0.2211266688
596	0.1692348957	0.2210839248
597	0.1692221229	0.2210698067
598	0.1692016734	0.2210482468
599	0.1691772287	0.2210196385
600	0.1691521763	0.2209930038
601	0.1691354317	0.2209735192
602	0.1691157065	0.2209544074
603	0.1690792757	0.2209155166
604	0.169055639	0.2208872665
605	0.1690243991	0.2208439126
606	0.1689969214	0.2208166007
607	0.1689686105	0.2207850651
608	0.1689475298	0.2207622986
609	0.1689253419	0.2207341687
610	0.1689095122	0.2207143663
611	0.1688896592	0.22069243
612	0.1688751686	0.2206769823
613	0.1688255108	0.2206161053
614	0.168817154	0.220606757
615	0.1688018818	0.220587803
616	0.1687956819	0.220579083
617	0.1687743891	0.2205539707
618	0.1687494927	0.2205267486
619	0.1687168039	0.2204927775
620	0.1687120684	0.2204870444
621	0.1686868706	0.2204611845
622	0.1686594196	0.2204303107
623	0.1686360346	0.2203979605
624	0.1686122935	0.2203689731
625	0.1685902263	0.2203449026
626	0.1685679612	0.2203176106
627	0.1685573341	0.220304414
628	0.1685216663	0.2202606713
629	0.1685122552	0.2202453446
630	0.1684862125	0.2202068803
631	0.168466699	0.2201863711
632	0.1684528258	0.2201711562
633	0.1684346149	0.2201515079
634	0.1684178194	0.2201331228
635	0.1683995095	0.220114293
636	0.168391094	0.220103513
637	0.1683829113	0.2200945719
638	0.1683624369	0.2200723816
639	0.1683397005	0.2200432286
640	0.1683218712	0.2200212331
641	0.1683007107	0.2199959761
642	0.1682872938	0.2199780208
643	0.1682680448	0.219956994
644	0.168253829	0.219937669
645	0.1682481449	0.2199306935
646	0.1682243568	0.2199040085
647	0.1681929798	0.2198723646
648	0.1681519244	0.2198264141
649	0.1681277031	0.2197989182
650	0.1680883848	0.2197543583
651	0.1680740381	0.2197390546
652	0.1680553887	0.2197199779
653	0.1680392268	0.219703468
654	0.168017396	0.2196762408
655	0.1679981431	0.2196540332
656	0.1679760682	0.2196258317
657	0.1679545056	0.2195970247
658	0.1679345558	0.2195755966
659	0.1679228261	0.219562416
660	0.1679048935	0.2195429425
661	0.1678787529	0.2195147903
662	0.1678643272	0.2194961548
663	0.1678462951	0.2194744106
664	0.1678377422	0.219465765
665	0.167817993	0.2194415142
666	0.1678002601	0.2194140095
667	0.1677816419	0.2193940581
668	0.1677650395	0.2193715527
669	0.1677509549	0.2193528491
670	0.1677450807	0.2193472565
671	0.1677211683	0.2193212082
672	0.1677121437	0.2193111491
673	0.167690648	0.2192863724
674	0.1676788796	0.2192707146
675	0.1676642482	0.2192517745
676	0.1676540227	0.2192407452
677	0.1676303919	0.2192099625
678	0.167616305	0.2191913146
679	0.1675841188	0.2191539374
680	0.1675662801	0.2191325347
681	0.1675520795	0.219115765
682	0.1675292121	0.2190918258
683	0.1675117167	0.2190722414
684	0.1674901685	0.2190451511
685	0.1674838249	0.2190388896
686	0.1674489029	0.2190019834
687	0.1674287211	0.2189819256
688	0.1674189545	0.218971626
689	0.1674001649	0.218952339
690	0.1673912029	0.2189404947
691	0.1673689295	0.2189144402
692	0.1673549851	0.2188962697
693	0.1673324706	0.2188718999
694	0.1673190722	0.2188563545
695	0.167298305	0.2188329796
696	0.1672835636	0.2188168313
697	0.1672736084	0.2188067569
698	0.16725441	0.2187830135
699	0.1672363366	0.2187660691
700	0.1672254932	0.2187509533
701	0.1672101766	0.2187352777
702	0.1671952527	0.2187179914
703	0.1671762462	0.2186960896
704	0.1671498073	0.2186625541
705	0.1671368849	0.2186503637
706	0.1671113019	0.2186220814
707	0.1671088466	0.2186195951
708	0.1670949849	0.2186023835
709	0.1670767147	0.2185833501
710	0.1670629417	0.2185673067
711	0.1670492665	0.2185486511
712	0.1670255315	0.2185214562
713	0.1670057989	0.2185009445
714	0.16698663	0.2184800532
715	0.1669678952	0.2184570361
716	0.1669516689	0.2184377632
717	0.1669437997	0.2184276325
718	0.1669264366	0.2184065555
719	0.1669008328	0.2183786946
720	0.1668770704	0.2183516807
721	0.166868652	0.2183436529
722	0.1668590997	0.2183339443
723	0.1668358881	0.2183086888
724	0.1668170148	0.2182823128
725	0.1667916056	0.2182557271
726	0.1667836633	0.2182455646
727	0.1667772535	0.2182392951
728	0.166765531	0.2182254852
729	0.1667332645	0.2181899369
730	0.1667136629	0.2181683393
731	0.1667033077	0.2181572965
732	0.1666881343	0.2181406182
733	0.1666783881	0.218129261
734	0.1666702111	0.2181217361
735	0.1666525891	0.218100165
736	0.1666387054	0.2180838575
737	0.1666300324	0.2180727366
738	0.1666145391	0.2180555298
739	0.1665984683	0.2180404148
740	0.1665809005	0.218019121
741	0.1665695743	0.2180067338
742	0.166560431	0.2179965212
743	0.1665489486	0.2179819012
744	0.1665400768	0.2179717829
745	0.1665279938	0.2179578427
746	0.1665104943	0.2179406976
747	0.1664926776	0.217923807
748	0.1664786139	0.2179084656
749	0.1664521279	0.2178825986
750	0.1664321155	0.217859083
751	0.1664134854	0.2178385495
752	0.1663975377	0.2178211887
753	0.1663763553	0.2177959181
754	0.1663710922	0.2177897329
755	0.1663594875	0.2177764657
756	0.1663478941	0.2177626884
757	0.166335259	0.2177440109
758	0.1663141539	0.217720399
759	0.166308237	0.2177130761
760	0.16630098	0.2177025971
761	0.1662789764	0.2176811534
762	0.1662711447	0.217672901
763	0.166260239	0.2176584995
764	0.1662475693	0.2176455742
765	0.1662371675	0.2176328858
766	0.1662253129	0.2176202129
767	0.1662077973	0.2175963359
768	0.1661898491	0.2175696496
769	0.16618233	0.2175594046
770	0.1661579536	0.2175322605
771	0.1661415036	0.2175133088
772	0.1661331508	0.2175045693
773	0.1661243378	0.2174959042
774	0.1660974701	0.2174672173
775	0.1660855856	0.2174573575
776	0.1660656349	0.2174353277
777	0.1660552693	0.2174226945
778	0.1660464237	0.21741372
779	0.1660349838	0.2174029963
780	0.1660279273	0.217395731
781	0.1660142921	0.2173759664
782	0.1659977185	0.2173558059
783	0.1659866081	0.2173435209
784	0.1659837656	0.2173399359
785	0.1659714063	0.2173247542
786	0.1659651277	0.2173175608
787	0.1659559989	0.2173072929
788	0.1659448302	0.2172942215
789	0.1659264912	0.2172727937
790	0.165914402	0.2172603603
791	0.1659078501	0.2172531529
792	0.165897	0.2172410712
793	0.1658806738	0.2172230235
794	0.1658706533	0.2172121243
795	0.1658563834	0.2171946357
796	0.1658291669	0.2171650587
797	0.165819788	0.2171519974
798	0.165804016	0.2171342997
799	0.1657948727	0.2171235456
800	0.165785831	0.2171113049
801	0.165763314	0.2170876654
802	0.1657526308	0.2170714119
803	0.1657366708	0.2170548354
804	0.165722585	0.217037718
805	0.1657111001	0.2170231974
806	0.1656987974	0.2170079901
807	0.1656839619	0.2169935101
808	0.1656741964	0.216980138
809	0.1656631518	0.2169670543
810	0.1656483868	0.2169500784
811	0.1656369476	0.2169371076
812	0.1656222015	0.2169185009
813	0.1656076399	0.2169036335
814	0.1655933632	0.2168825099
815	0.1655842129	0.2168696832
816	0.1655738383	0.2168576891
817	0.1655604385	0.2168439748
818	0.1655510244	0.2168312019
819	0.1655356242	0.216817904
820	0.1655271405	0.2168061207
821	0.1655091172	0.2167864599
822	0.1654746173	0.2167463336
823	0.1654565013	0.2167263236
824	0.1654417344	0.2167062917
825	0.165426174	0.2166896294
826	0.1654114881	0.2166699729
827	0.1653974534	0.2166554637
828	0.1653895214	0.2166454597
829	0.1653737135	0.2166248184
830	0.1653467733	0.2165893989
831	0.1653337597	0.2165757515
832	0.1653143869	0.2165558679
833	0.1653002441	0.2165390132
834	0.1652807868	0.2165137419
835	0.165276111	0.2165088219
836	0.165254909	0.2164845885
837	0.1652304035	0.2164586257
838	0.1652203957	0.2164469959
839	0.1651963962	0.216417491
840	0.1651864332	0.2164058339
841	0.1651671096	0.2163825461
842	0.1651623263	0.2163774095
843	0.1651493165	0.2163635234
844	0.1651432412	0.2163562351
845	0.1651286782	0.2163411869
846	0.165121741	0.2163343742
847	0.1651014132	0.216311119
848	0.1650845107	0.216290711
849	0.1650651951	0.216267586
850	0.1650379049	0.2162383343
851	0.1650222597	0.2162218526
852	0.1650065596	0.2162056345
853	0.1649891878	0.2161839675
854	0.1649740264	0.2161640926
855	0.1649600448	0.2161481719
856	0.1649501068	0.216136837
857	0.1649351854	0.2161204708
858	0.1649262652	0.2161106743
859	0.1649219103	0.2161053582
860	0.1648946381	0.2160730847
861	0.1648880064	0.2160650699
862	0.1648843056	0.2160612188
863	0.1648793591	0.2160557754
864	0.1648702595	0.2160442466
865	0.1648532178	0.2160227303
866	0.1648419407	0.2160091635
867	0.1648202722	0.2159890077
868	0.1648082978	0.2159755768
869	0.1647832873	0.2159448363
870	0.1647654627	0.2159227801
871	0.1647499306	0.2159050497
872	0.1647368088	0.2158888833
873	0.1647263668	0.215877587
874	0.1647120683	0.2158613749
875	0.164697638	0.2158452356
876	0.1646874302	0.2158350469
877	0.1646647329	0.2158136351
878	0.1646514218	0.2157962792
879	0.1646389655	0.2157825266
880	0.1646275347	0.2157706743
881	0.1646268786	0.2157698465
882	0.1646191839	0.2157603028
883	0.1645917665	0.2157314907
884	0.1645889173	0.215728484
885	0.1645783567	0.2157158408
886	0.1645669587	0.215703861
887	0.1645529198	0.2156868071
888	0.16454245	0.2156749748
889	0.1645315145	0.2156603792
890	0.1645109171	0.2156346237
891	0.1645063105	0.2156272373
892	0.1644834726	0.2155986123
893	0.1644732122	0.2155868374
894	0.1644593651	0.2155715928
895	0.1644452369	0.215556257
896	0.1644412005	0.2155520787
897	0.1644087701	0.2155135864
898	0.1643930717	0.2154961805
899	0.1643868306	0.2154892366
900	0.1643701459	0.2154694697
901	0.1643590621	0.2154556914
902	0.1643468168	0.2154414329
903	0.1643276679	0.2154228221
904	0.1643083967	0.2153999114
905	0.164292347	0.2153797013
906	0.1642866975	0.2153713293
907	0.1642762942	0.2153572501
908	0.1642416933	0.2153145544
909	0.164237762	0.2153100539
910	0.1642245258	0.215291632
911	0.1642023201	0.2152679976
912	0.1641965986	0.2152618016
913	0.1641884281	0.2152506635
914	0.1641731985	0.2152311705
915	0.1641534261	0.2152118623
916	0.1641316493	0.2151882908
917	0.1641043216	0.2151548455
918	0.1640936654	0.2151415666
919	0.1640861591	0.2151326773
920	0.1640761398	0.2151221513
921	0.1640729526	0.2151188141
922	0.1640635726	0.2151073506
923	0.1640576366	0.2150995127
924	0.1640242323	0.2150563883
925	0.1640195153	0.2150503336
926	0.1640055801	0.2150352477
927	0.1639861205	0.2150122112
928	0.1639797869	0.2150031985
929	0.1639732249	0.2149950968
930	0.1639665985	0.2149852792
931	0.1639562908	0.2149727462
932	0.1639467258	0.2149612703
933	0.1639433041	0.2149582348
934	0.163929737	0.2149445334
935	0.1639157145	0.2149291461
936	0.1638936693	0.2149049906
937	0.1638851648	0.2148958346
938	0.163868817	0.2148760868
939	0.1638555564	0.2148603076
940	0.1638396991	0.2148410318
941	0.1638328661	0.2148350668
942	0.1638293763	0.2148316373
943	0.163818109	0.2148151454
944	0.1638011665	0.2147931623
945	0.163781433	0.2147679956
946	0.1637668342	0.21475079
947	0.1637555399	0.2147368185
948	0.1637446594	0.2147220831
949	0.1637314573	0.2147039639
950	0.1637144919	0.2146829916
951	0.1637070736	0.2146757749
952	0.1636791645	0.2146424621
953	0.1636651503	0.2146297982
954	0.1636533735	0.2146150945
955	0.1636365268	0.214588599
956	0.1636260752	0.2145766975
957	0.1636131805	0.2145593663
958	0.1635924128	0.2145349929
959	0.163582571	0.2145243715
960	0.1635594275	0.2144985678
961	0.1635533539	0.2144894791
962	0.1635434131	0.214477157
963	0.1635315917	0.2144641048
964	0.1635180994	0.21444725
965	0.16350504	0.2144295084
966	0.1635005384	0.2144249329
967	0.1634909892	0.2144172374
968	0.1634855254	0.2144099157
969	0.1634757549	0.2143983073
970	0.1634640789	0.2143831843
971	0.1634534833	0.2143689657
972	0.1634415182	0.2143548852
973	0.1634303657	0.2143426757
974	0.1634203376	0.2143291147
975	0.1634062265	0.2143117168
976	0.1633958013	0.2142981331
977	0.1633820692	0.2142787885
978	0.1633748516	0.2142693271
979	0.1633678345	0.2142588799
980	0.1633543065	0.2142416256
981	0.1633360474	0.2142213133
982	0.163324592	0.2142084449
983	0.1633162206	0.2141972414
984	0.1633152424	0.2141961235
985	0.1633039243	0.2141816931
986	0.1632713104	0.2141393954
987	0.1632600783	0.2141235586
988	0.1632453006	0.214103393
989	0.1632309571	0.2140853989
990	0.1632030776	0.2140546856
991	0.1631910981	0.2140411873
992	0.1631848793	0.2140342135
993	0.1631496027	0.2139941582
994	0.1631402942	0.2139808988
995	0.1631251027	0.2139651015
996	0.1631064505	0.2139391805
997	0.1630969492	0.2139236865
998	0.1630800691	0.2139010941
999	0.1630655216	0.213884878
1000	0.1630534361	0.2138697116
1001	0.1630494359	0.2138616652
1002	0.1630422764	0.2138528566
1003	0.1630310569	0.2138397106
1004	0.1630246343	0.2138314981
1005	0.1630113135	0.2138182192
1006	0.162996958	0.2138013327
1007	0.162989741	0.2137929445
1008	0.1629804434	0.2137824688
1009	0.1629687894	0.2137692179
1010	0.1629524082	0.21375024
1011	0.1629408072	0.2137349126
1012	0.1629379667	0.2137320619
1013	0.1629321637	0.2137241016
1014	0.1629266657	0.2137187846
1015	0.1629118014	0.2136985926
1016	0.1629025505	0.2136879298
1017	0.1628997145	0.2136852128
1018	0.1628919598	0.2136767102
1019	0.1628788837	0.2136622952
1020	0.1628712949	0.2136524599
1021	0.1628581975	0.2136325682
1022	0.1628478454	0.2136196526
1023	0.162840357	0.2136124996
1024	0.1628366194	0.213608703
1025	0.1628286212	0.2135978638
1026	0.1628097033	0.2135764866
1027	0.1627903655	0.2135535025
1028	0.1627866488	0.2135503368
1029	0.1627756325	0.2135400595
1030	0.1627654016	0.2135264851
1031	0.1627562197	0.2135148804
1032	0.1627378788	0.2134924132
1033	0.162725948	0.2134775643
1034	0.1627148467	0.21346203
1035	0.1627040344	0.2134481399
1036	0.1626911403	0.2134353382
1037	0.1626724388	0.213412497
1038	0.1626513784	0.2133884462
1039	0.162638254	0.2133716469
1040	0.1626285621	0.2133585353
1041	0.1626186244	0.2133443343
1042	0.1625953197	0.2133170732
1043	0.1625845134	0.2133042733
1044	0.1625654516	0.2132830876
1045	0.1625567405	0.2132727619
1046	0.1625424569	0.2132556549
1047	0.1625335906	0.2132453852
1048	0.1625247631	0.2132342056
1049	0.1624918589	0.213194895
1050	0.1624843753	0.213186691
1051	0.1624733274	0.2131746616
1052	0.1624714942	0.2131728062
1053	0.1624589793	0.2131570071
1054	0.1624477255	0.2131426696
1055	0.162424955	0.2131163937
1056	0.162423813	0.2131152086
1057	0.1624056073	0.2130957458
1058	0.1623976708	0.213085067
1059	0.1623808858	0.2130684586
1060	0.1623641557	0.2130497121
1061	0.1623524935	0.2130380726
1062	0.1623422419	0.2130250198
1063	0.1623213719	0.2129996487
1064	0.1623022521	0.2129785994
1065	0.162294625	0.212969196
1066	0.1622863124	0.2129596702
1067	0.162273638	0.2129425837
1068	0.1622632631	0.2129290648
1069	0.1622517068	0.2129140713
1070	0.16224321	0.212903115
1071	0.1622341174	0.2128928592
1072	0.1622254193	0.2128809886
1073	0.162217995	0.2128738131
1074	0.1622172411	0.2128727279
1075	0.1622086128	0.2128627775
1076	0.1622000572	0.2128517517
1077	0.1621869401	0.2128344527
1078	0.162181313	0.2128270671
1079	0.1621616913	0.212803513
1080	0.1621455647	0.2127837651
1081	0.1621411045	0.2127798718
1082	0.1621325622	0.2127694889
1083	0.1621260947	0.2127627226
1084	0.1621108329	0.2127450088
1085	0.162100079	0.2127321969
1086	0.1620842394	0.2127147886
1087	0.1620827946	0.2127134098
1088	0.1620777031	0.2127081217
1089	0.1620531157	0.2126793075
1090	0.1620337952	0.2126573781
1091	0.1620174877	0.2126332533
1092	0.1620075082	0.2126228873
1093	0.1619987292	0.212610395
1094	0.1619920088	0.2126002384
1095	0.1619898806	0.2125980971
1096	0.1619657903	0.2125701668
1097	0.1619516048	0.2125495462
1098	0.161944022	0.2125369781
1099	0.1619379331	0.2125315891
1100	0.1619254584	0.2125178494
1101	0.1619229649	0.2125154851
1102	0.161921325	0.212513753
1103	0.1618961102	0.2124831363
1104	0.161883493	0.2124689656
1105	0.1618691834	0.2124530216
1106	0.1618591715	0.2124408831
1107	0.1618462713	0.2124248195
1108	0.1618384879	0.212413974
1109	0.1618199638	0.2123912233
1110	0.1618120952	0.2123806084
1111	0.1618014387	0.2123680815
1112	0.1618004039	0.2123666859
1113	0.1617974715	0.2123625371
1114	0.1617876201	0.2123504051
1115	0.1617703412	0.2123348385
1116	0.1617457881	0.2123093192
1117	0.1617397199	0.2123013864
1118	0.1617238885	0.2122856588
1119	0.16171009	0.2122689086
1120	0.1617062455	0.2122655897
1121	0.1616941105	0.212250909
1122	0.1616860869	0.2122393873
1123	0.1616682827	0.2122161973
1124	0.1616567323	0.2122006129
1125	0.1616498096	0.2121914437
1126	0.1616358887	0.2121729836
1127	0.161630237	0.2121640497
1128	0.1616130872	0.2121421212
1129	0.1616070052	0.2121355254
1130	0.1615937004	0.2121204942
1131	0.1615914833	0.2121181642
1132	0.1615649857	0.2120836235
1133	0.1615624738	0.2120799142
1134	0.1615616753	0.2120786916
1135	0.1615578407	0.2120737601
1136	0.1615422458	0.212051939
1137	0.1615324726	0.2120406502
1138	0.1615214698	0.2120264363
1139	0.1615079041	0.2120091846
1140	0.1614889027	0.2119882796
1141	0.1614868832	0.2119861768
1142	0.1614729952	0.2119705741
1143	0.1614572129	0.2119508747
1144	0.1614414077	0.2119314157
1145	0.1614248034	0.2119090815
1146	0.1614135204	0.2118954493
1147	0.1614043784	0.2118873228
1148	0.1613938433	0.2118743055
1149	0.1613912965	0.2118717999
1150	0.1613899574	0.2118702283
1151	0.1613822966	0.2118587297
1152	0.161364812	0.2118373797
1153	0.1613346201	0.2118004056
1154	0.1613210379	0.2117867355
1155	0.1613088776	0.2117735806
1156	0.1613077515	0.2117721987
1157	0.1612938496	0.2117545083
1158	0.1612874636	0.2117462367
1159	0.1612866083	0.2117453147
1160	0.1612793953	0.2117376245
1161	0.1612734312	0.2117312251
1162	0.1612644174	0.2117202596
1163	0.1612592863	0.211710969
1164	0.1612578048	0.2117093003
1165	0.1612452647	0.211693828
1166	0.1612237937	0.2116708047
1167	0.1612172938	0.2116630767
1168	0.1612105367	0.2116553844
1169	0.1611954961	0.2116395551
1170	0.1611915927	0.2116358235
1171	0.1611886704	0.2116321674
1172	0.1611823325	0.2116249705
1173	0.1611760673	0.2116171588
1174	0.1611704483	0.2116102777
1175	0.1611636031	0.2116013257
1176	0.161153196	0.2115879679
1177	0.1611485044	0.2115827651
1178	0.161145695	0.21158001
1179	0.1611330183	0.2115667767
1180	0.1611179612	0.2115508944
1181	0.1611164023	0.2115479484
1182	0.1611148516	0.2115450367
1183	0.1611000474	0.2115297984
1184	0.1610902396	0.2115200052
1185	0.1610882502	0.2115179641
1186	0.1610777568	0.2115046403
1187	0.1610690388	0.2114981863
1188	0.1610602535	0.2114841033
1189	0.1610534022	0.2114762805
1190	0.1610463011	0.2114657587
1191	0.1610448275	0.2114643051
1192	0.1610347777	0.2114517176
1193	0.161026462	0.2114405138
1194	0.1610236517	0.2114372631
1195	0.1610026796	0.211415793
1196	0.1609962769	0.211409173
1197	0.1609682182	0.2113729888
1198	0.1609658534	0.2113706971
1199	0.1609531768	0.2113564957
1200	0.1609458005	0.2113461266
1201	0.1609448561	0.2113452702
1202	0.1609078148	0.2112964711
1203	0.1609054021	0.211293944
1204	0.1609032932	0.211291871
1205	0.1608871937	0.2112721683
1206	0.1608826318	0.2112680271
1207	0.1608811491	0.211265283
1208	0.160873946	0.2112551102
1209	0.1608547637	0.2112322571
1210	0.1608385993	0.2112090949
1211	0.1608299681	0.2111988393
1212	0.1608218136	0.2111871301
1213	0.1608215437	0.2111867784
1214	0.1608149537	0.2111778835
1215	0.160778261	0.2111314665
1216	0.1607566598	0.2111054734
1217	0.1607490566	0.211096674
1218	0.1607411377	0.2110883857
1219	0.1607154613	0.2110544552
1220	0.1606980114	0.2110332706
1221	0.1606959924	0.2110312165
1222	0.1606877974	0.2110217212
1223	0.1606757949	0.2110084474
1224	0.1606742522	0.2110060547
1225	0.1606647895	0.2109929014
1226	0.1606557764	0.2109861172
1227	0.1606508718	0.2109822662
1228	0.1606359001	0.2109682407
1229	0.1606343791	0.2109658973
1230	0.1606287594	0.2109592903
1231	0.1606177275	0.2109452794
1232	0.1606109806	0.2109369189
1233	0.1606089249	0.2109352334
1234	0.160595073	0.2109185547
1235	0.1605861937	0.2109095225
1236	0.1605688863	0.2108892402
1237	0.1605534708	0.210869388
1238	0.1605402931	0.210852351
1239	0.1605277863	0.2108389894
1240	0.1604981664	0.2108005225
1241	0.1604933949	0.2107950513
1242	0.1604801078	0.2107795719
1243	0.1604653348	0.2107615645
1244	0.1604635142	0.2107585658
1245	0.1604552753	0.2107486425
1246	0.1604458574	0.2107360021
1247	0.160444855	0.2107349306
1248	0.1604350901	0.2107215396
1249	0.1604268266	0.210715301
1250	0.1604267197	0.2107150251
1251	0.1604137922	0.2107048245
1252	0.1604041193	0.2106909342
1253	0.16040393	0.2106905906
1254	0.1603835271	0.2106659011
1255	0.1603744803	0.2106541535
1256	0.1603650592	0.2106418347
1257	0.1603643167	0.2106407988
1258	0.1603547729	0.2106302635
1259	0.1603396128	0.2106091174
1260	0.1603270865	0.210596067
1261	0.160327062	0.2105959994
1262	0.1603213034	0.2105869593
1263	0.1603204194	0.2105859595
1264	0.1603151368	0.2105781261
1265	0.160310207	0.2105743841
1266	0.1603064796	0.2105712535
1267	0.1602993774	0.2105611882
1268	0.1602902627	0.2105526362
1269	0.1602882164	0.2105495889
1270	0.1602816453	0.2105419818
1271	0.1602716361	0.210533535
1272	0.160259544	0.2105209948
1273	0.1602591208	0.210520517
1274	0.1602478698	0.2105064302
1275	0.1602313011	0.2104883325
1276	0.160226665	0.2104831723
1277	0.1602161132	0.2104660211
1278	0.1601997029	0.2104464122
1279	0.1601985899	0.2104452424
1280	0.1601910523	0.2104382436
1281	0.1601772321	0.2104235275
1282	0.1601689923	0.2104124431
1283	0.160157836	0.2103981769
1284	0.1601470728	0.2103859694
1285	0.1601404528	0.2103783007
1286	0.1601401179	0.2103778436
1287	0.1601328699	0.2103697316
1288	0.1601094892	0.2103410779
1289	0.1600960654	0.2103261043
1290	0.1600833066	0.2103075815
1291	0.1600614612	0.210279171
1292	0.1600493428	0.210263216
1293	0.1600409882	0.2102550452
1294	0.1600180339	0.2102279418
1295	0.1600066996	0.2102129964
1296	0.1599903877	0.2101914577
1297	0.1599814209	0.210182008
1298	0.1599602974	0.2101570858
1299	0.1599488559	0.2101417218
1300	0.159942572	0.2101349191
1301	0.1599422052	0.2101345175
1302	0.1599357575	0.210125225
1303	0.1599355054	0.2101247953
1304	0.1599301295	0.2101184942
1305	0.1599196858	0.2101024485
1306	0.1598971226	0.2100747443
1307	0.1598840127	0.2100597355
1308	0.159884025	0.2100596656
1309	0.1598827177	0.2100572759
1310	0.1598702195	0.2100420493
1311	0.1598631023	0.2100345204
1312	0.159852807	0.2100221274
1313	0.1598370389	0.2100021151
1314	0.1598246821	0.2099884747
1315	0.1598244793	0.2099880857
1316	0.1598129652	0.2099737922
1317	0.1597991241	0.2099566033
1318	0.1597951529	0.2099525113
1319	0.1597717177	0.2099234641
1320	0.1597678199	0.2099186534
1321	0.1597637003	0.2099134505
1322	0.1597537321	0.2099022447
1323	0.1597407172	0.2098860569
1324	0.1597287218	0.2098713447
1325	0.1597138515	0.2098550472
1326	0.1597075162	0.2098469931
1327	0.1596962277	0.209834453
1328	0.1596882161	0.2098232173
1329	0.1596614869	0.2097855389
1330	0.1596449905	0.2097648007
1331	0.1596449471	0.2097647054
1332	0.159641679	0.2097592743
1333	0.1596256326	0.2097387938
1334	0.1596102577	0.2097215962
1335	0.159601509	0.2097111542
1336	0.1596013727	0.2097109291
1337	0.159597928	0.2097076881
1338	0.1595708821	0.2096721832
1339	0.1595619617	0.2096640626
1340	0.1595569669	0.2096580831
1341	0.1595557779	0.2096551942
1342	0.1595544488	0.2096539705
1343	0.1595543494	0.2096538274
1344	0.1595415114	0.209638209
1345	0.1595351573	0.2096292512
1346	0.15952267	0.2096136663
1347	0.159514866	0.2096026721
1348	0.1594971192	0.2095810895
1349	0.1594883487	0.2095708078
1350	0.1594882494	0.2095706662
1351	0.1594878299	0.20957023
1352	0.159487669	0.2095701413
1353	0.1594783387	0.2095600775
1354	0.1594667298	0.2095472449
1355	0.1594580037	0.2095351542
1356	0.1594471736	0.2095201322
1357	0.1594333819	0.2095028437
1358	0.1594208628	0.209486202
1359	0.1594089918	0.2094701107
1360	0.1594053032	0.209463874
1361	0.1594052054	0.2094638043
1362	0.1594050908	0.2094636433
1363	0.1594009798	0.2094560309
1364	0.1593897974	0.2094424129
1365	0.1593836013	0.2094336875
1366	0.1593712316	0.209420216
1367	0.1593710641	0.2094198179
1368	0.1593708804	0.2094194399
1369	0.1593614596	0.2094081502
1370	0.1593516031	0.2093958542
1371	0.1593397322	0.2093794177
1372	0.1593375266	0.2093768624
1373	0.1593265164	0.2093652495
1374	0.1593015003	0.2093406045
1375	0.159301224	0.2093401765
1376	0.1593010775	0.2093399391
1377	0.1593001468	0.2093385654
1378	0.159291972	0.2093278882
1379	0.1592846222	0.2093187789
1380	0.1592790773	0.2093119372
1381	0.1592733274	0.209306022
1382	0.1592655996	0.209295856
1383	0.1592531705	0.2092825421
1384	0.1592394233	0.2092681093
1385	0.1592393972	0.2092680475
1386	0.1592392808	0.2092678903
1387	0.1592362364	0.2092650851
1388	0.1592251631	0.2092500918
1389	0.1592118343	0.2092369483
1390	0.1592113672	0.2092364676
1391	0.1592112714	0.2092363302
1392	0.1592111563	0.2092361744
1393	0.159196723	0.2092178771
1394	0.1591824583	0.2091986353
1395	0.1591824315	0.2091985738
1396	0.1591735076	0.2091889838
1397	0.1591608709	0.2091733925
1398	0.1591598749	0.2091723333
1399	0.15915985	0.2091722697
1400	0.1591453424	0.2091517238
1401	0.1591450405	0.2091512841
1402	0.1591449407	0.2091511584
1403	0.1591228533	0.209123487
1404	0.1591043932	0.2091041384
1405	0.1590920936	0.2090884854
1406	0.1590711307	0.2090629284
1407	0.15906359	0.2090523755
1408	0.1590589332	0.2090452539
1409	0.1590476334	0.2090325684
1410	0.1590397592	0.2090236672
1411	0.1590286124	0.2090110876
1412	0.159016429	0.2089973629
1413	0.159016401	0.2089973018
1414	0.159002187	0.2089790789
1415	0.1589872271	0.2089611883
1416	0.1589870791	0.2089611032
1417	0.1589824666	0.2089541141
1418	0.1589735777	0.2089438958
1419	0.1589734266	0.2089435567
1420	0.1589611771	0.20892952
1421	0.1589523247	0.2089198339
1422	0.1589512047	0.2089185718
1423	0.1589511575	0.2089184788
1424	0.1589306938	0.2088934934
1425	0.1589160362	0.2088779776
1426	0.1588908963	0.2088519629
1427	0.1588908328	0.2088518741
1428	0.1588752784	0.2088342108
1429	0.1588750555	0.208833836
1430	0.1588698114	0.2088258982
1431	0.1588641582	0.2088196019
1432	0.1588410856	0.2087875203
1433	0.1588348508	0.2087808282
1434	0.158834732	0.2087806758
1435	0.1588227877	0.2087658396
1436	0.1588177616	0.2087588068
1437	0.1588091569	0.2087482458
1438	0.1587973847	0.2087338884
1439	0.1587947347	0.2087308278
1440	0.158780405	0.2087126196
1441	0.158769774	0.2086995424
1442	0.1587604607	0.208689489
1443	0.1587539348	0.2086847914
1444	0.1587426956	0.2086733817
1445	0.1587337479	0.2086604681
1446	0.1587335308	0.2086601365
1447	0.1587230115	0.2086474915
1448	0.1587185383	0.2086420831
1449	0.1587113285	0.2086319933
1450	0.158711285	0.2086319019
1451	0.1587047552	0.2086225775
1452	0.1586978711	0.2086145461
1453	0.1586870548	0.2086027463
1454	0.1586869577	0.2086026244
1455	0.1586677446	0.2085809052
1456	0.1586593608	0.2085703277
1457	0.1586509865	0.2085583441
1458	0.1586508502	0.208558263
1459	0.1586474569	0.208554197
1460	0.1586410727	0.2085496349
1461	0.1586292646	0.208537514
1462	0.1586191465	0.2085263707
1463	0.1586099506	0.2085148204
1464	0.1586005522	0.2085040791
1465	0.1585916123	0.2084934677
1466	0.1585915147	0.2084933473
1467	0.1585863707	0.208486878
1468	0.1585760058	0.2084729982
1469	0.1585642055	0.2084572364
1470	0.1585640904	0.2084570881
1471	0.1585580831	0.2084486345
1472	0.1585534419	0.2084427968
1473	0.1585533679	0.2084426657
1474	0.1585459257	0.2084346845
1475	0.1585379058	0.2084251168
1476	0.1585377939	0.2084249681
1477	0.1585295945	0.208415383
1478	0.1585196886	0.2084009283
1479	0.1585152918	0.2083942815
1480	0.1585029985	0.208380504
1481	0.1585029025	0.2083803702
1482	0.1584787562	0.2083477689
1483	0.1584699223	0.2083367287
1484	0.1584662035	0.2083306809
1485	0.1584464295	0.2083077753
1486	0.1584463642	0.2083076563
1487	0.1584428625	0.2083039166
1488	0.1584375992	0.208297326
1489	0.1584240158	0.2082827244
1490	0.1584189358	0.2082746015
1491	0.1584057424	0.2082595742
1492	0.1583942911	0.2082447338
1493	0.1583767806	0.2082242339
1494	0.1583725218	0.2082177919
1495	0.1583688634	0.2082118847
1496	0.1583586643	0.2082004212
1497	0.1583481601	0.2081892356
1498	0.1583439781	0.208182943
1499	0.1583438604	0.2081827968
1500	0.1583367895	0.2081731387
1501	0.158336663	0.2081729952
1502	0.1583278565	0.2081620726
1503	0.1583277399	0.2081619271
1504	0.1583209981	0.2081547812
1505	0.1583208747	0.2081546389
1506	0.1583128225	0.2081456471
1507	0.1583108856	0.2081428851
1508	0.1582982656	0.2081286168
1509	0.1582882184	0.2081175451
1510	0.1582849907	0.2081140465
1511	0.1582847362	0.2081137398
1512	0.158284596	0.2081135356
1513	0.1582844273	0.2081132777
1514	0.1582843065	0.2081132074
1515	0.1582842284	0.2081131087
1516	0.1582773664	0.2081042067
1517	0.158263788	0.2080889393
1518	0.1582500058	0.2080739212
1519	0.1582419165	0.2080642856
1520	0.1582315739	0.2080528062
1521	0.1582314736	0.2080526838
1522	0.1582313933	0.2080525856
1523	0.1582313487	0.2080524937
1524	0.1582311725	0.2080522244
1525	0.1582295362	0.2080504574
1526	0.1582226123	0.2080409967
1527	0.1582224927	0.2080408541
1528	0.1582224125	0.2080407564
1529	0.15821297	0.2080282653
1530	0.1582083634	0.208021959
1531	0.1581983863	0.2080099128
1532	0.1581982046	0.2080097069
1533	0.1581981074	0.2080095941
1534	0.1581980752	0.2080095318
1535	0.1581979234	0.2080093404
1536	0.1581778564	0.2079856669
1537	0.1581777448	0.2079855265
1538	0.158155571	0.2079535205
1539	0.1581338079	0.2079340023
1540	0.1581337802	0.2079339432
1541	0.1581336862	0.2079338313
1542	0.1581170413	0.2079195806
1543	0.1581046026	0.2079087317
1544	0.1581045095	0.2079086205
1545	0.1581011382	0.2079038028
1546	0.1581009047	0.2079035384
1547	0.1580743917	0.2078696796
1548	0.1580742868	0.2078695395
1549	0.1580556374	0.2078525024
1550	0.1580546836	0.2078512385
1551	0.1580545893	0.2078511196
1552	0.1580485213	0.2078454038
1553	0.1580475742	0.2078428672
1554	0.1580352252	0.207830717
1555	0.1580350693	0.2078304787
1556	0.1580207806	0.2078181085
1557	0.158009513	0.2078059051
1558	0.1580094459	0.2078058011
1559	0.1580075948	0.2078031097
1560	0.1579988108	0.2077913685
1561	0.1579987258	0.20779124
1562	0.1579812655	0.2077688305
1563	0.1579812352	0.207768769
1564	0.1579740399	0.2077620031
1565	0.157958366	0.2077456065
1566	0.1579425287	0.2077288304
1567	0.1579424972	0.2077287689
1568	0.1579364478	0.207722837
1569	0.1579275049	0.207712925
1570	0.1579145931	0.2076998342
1571	0.157897727	0.2076806699
1572	0.1578918862	0.2076728022
1573	0.15789177	0.2076726334
1574	0.1578816428	0.2076582731
1575	0.1578815943	0.2076581838
1576	0.1578814006	0.2076579633
1577	0.1578761431	0.2076508008
1578	0.1578545184	0.2076278316
1579	0.1578483842	0.207620936
1580	0.1578484601	0.2076208628
1581	0.1578483653	0.2076207549
1582	0.1578388001	0.2076099371
1583	0.1578386019	0.2076096986
1584	0.1578282293	0.2075970848
1585	0.1578282438	0.2075970238
1586	0.1578186147	0.207585236
1587	0.1578094126	0.2075763723
1588	0.1578093628	0.2075762836
1589	0.1578003731	0.2075640076
1590	0.1577938795	0.2075551131
1591	0.1577899434	0.207549172
1592	0.1577778358	0.2075366657
1593	0.1577777387	0.2075365588
1594	0.1577777051	0.2075365008
1595	0.1577699245	0.2075287333
1596	0.15776437	0.2075230213
1597	0.1577568265	0.2075130897
1598	0.1577470079	0.2075027704
1599	0.1577415964	0.2074970523
1600	0.1577295817	0.2074842493
1601	0.1577294078	0.2074839903
1602	0.1577076915	0.2074543986
1603	0.1576986673	0.2074436306
1604	0.1576985721	0.2074434914
1605	0.1576910333	0.2074351863
1606	0.1576908689	0.2074349266
1607	0.157690774	0.2074348214
1608	0.1576906794	0.2074347164
1609	0.1576797096	0.207422309
1610	0.1576692867	0.2074079838
1611	0.157649162	0.2073826063
1612	0.1576383247	0.2073663132
1613	0.1576249363	0.2073516247
1614	0.1576247754	0.2073513923
1615	0.1576172157	0.2073410986
1616	0.1576152362	0.2073381342
1617	0.1576150831	0.207337907
1618	0.1576149903	0.2073378031
1619	0.1576148978	0.2073376994
1620	0.1576109775	0.2073318877
1621	0.1576108841	0.2073317843
1622	0.1576054742	0.2073267501
1623	0.1575999676	0.207319744
1624	0.1575998861	0.2073196405
1625	0.1575925034	0.2073100578
1626	0.1575924116	0.207309955
1627	0.1575923201	0.2073098525
1628	0.1575846927	0.2073001717
1629	0.1575846013	0.2073000694
1630	0.157584549	0.2073000114
1631	0.1575694877	0.2072863617
1632	0.1575694599	0.207286303
1633	0.1575693693	0.207286201
1634	0.157558773	0.2072725446
1635	0.1575586839	0.2072724391
1636	0.1575520537	0.2072642447
1637	0.1575519643	0.2072641431
1638	0.1575518752	0.2072640417
1639	0.1575446862	0.2072539903
1640	0.1575376962	0.2072461694
1641	0.1575311821	0.2072378671
1642	0.1575177756	0.207223655
1643	0.157517641	0.2072234213
1644	0.1575094482	0.2072136155
1645	0.1575093101	0.2072135393
1646	0.157509159	0.2072133696
1647	0.1575030107	0.2072063474
1648	0.1575009231	0.2072037005
1649	0.1575008167	0.2072035731
1650	0.1575007267	0.207203473
1651	0.1575006472	0.2072032415
1652	0.1574916628	0.2071918473
1653	0.1574917369	0.2071917753
1654	0.1574807678	0.2071790196
1655	0.1574760784	0.2071733533
1656	0.157469979	0.207165436
1657	0.1574578912	0.2071503417
1658	0.1574577386	0.2071501154
1659	0.1574456456	0.207136412
1660	0.1574383028	0.2071302447
1661	0.1574256522	0.2071138483
1662	0.157425409	0.2071135119
1663	0.157418357	0.2071030138
1664	0.1574130453	0.2070960366
1665	0.1574028038	0.2070848002
1666	0.1573944796	0.2070739021
1667	0.1573843554	0.2070612239
1668	0.1573843652	0.2070611659
1669	0.1573777881	0.2070523583
1670	0.1573705874	0.2070425535
1671	0.1573591802	0.2070313519
1672	0.1573516493	0.2070227777
1673	0.1573516147	0.2070227187
1674	0.1573513746	0.2070224196
1675	0.1573374638	0.2070081831
1676	0.1573373736	0.2070080802
1677	0.1573307487	0.2070009404
1678	0.1573243573	0.2069939128
1679	0.1572991308	0.2069608881
1680	0.1572810537	0.2069419835
1681	0.1572714472	0.2069314846
1682	0.1572696476	0.2069295459
1683	0.1572695556	0.2069294484
1684	0.1572694945	0.2069293866
1685	0.15726944	0.2069293298
1686	0.1572693535	0.206929216
1687	0.1572643485	0.2069222743
1688	0.1572642195	0.2069220436
1689	0.1572634675	0.206921329
1690	0.1572539603	0.2069108568
1691	0.157249047	0.2069040294
1692	0.1572284637	0.2068760682
1693	0.157228372	0.206875971
1694	0.1572240745	0.2068691968
1695	0.1572240435	0.2068691395
1696	0.1572239531	0.2068690431
1697	0.1572238444	0.2068688867
1698	0.1572236854	0.2068686385
1699	0.1572170828	0.206860079
1700	0.1572169926	0.2068599833
1701	0.1572168788	0.2068598351
1702	0.1572165794	0.2068594862
1703	0.157209637	0.2068514436
1704	0.157209447	0.2068511669
1705	0.157209301	0.2068509549
1706	0.157209218	0.2068508381
1707	0.1572091288	0.2068507431
1708	0.1572090732	0.206850687
1709	0.1572090179	0.2068506309
1710	0.1572019714	0.2068424039
1711	0.1572019186	0.2068423479
1712	0.1571980204	0.2068380682
1713	0.1571977921	0.2068377815
1714	0.1571919555	0.2068300608
1715	0.1571836669	0.2068180375
1716	0.1571769002	0.2068096332
1717	0.1571740233	0.2068054741
1718	0.1571652465	0.2067943247
1719	0.1571586196	0.2067886089
1720	0.1571488073	0.206773412
1721	0.157143357	0.2067676248
1722	0.1571395831	0.2067630234
1723	0.1571394393	0.2067629502
1724	0.1571295502	0.2067522979
1725	0.1571294661	0.2067521979
1726	0.1571191652	0.2067393612
1727	0.1571190468	0.2067392364
1728	0.1571189574	0.2067391432
1729	0.1571188682	0.2067390501
1730	0.157111617	0.2067289464
1731	0.1571005726	0.2067175508
1732	0.1571005399	0.2067174962
1733	0.1570913452	0.2067076498
1734	0.1570847903	0.2066991701
1735	0.1570847203	0.2066991127
1736	0.1570661376	0.20668109
1737	0.1570582423	0.2066726958
1738	0.1570582499	0.2066726392
1739	0.1570580653	0.2066723757
1740	0.1570579244	0.2066721507
1741	0.1570534388	0.206665634
1742	0.1570433467	0.2066530918
1743	0.1570401614	0.2066498396
1744	0.1570401317	0.2066497836
1745	0.1570217168	0.2066332819
1746	0.1570189702	0.2066301132
1747	0.1570116228	0.2066203465
1748	0.1570009174	0.2066069037
1749	0.1569960897	0.2066034616
1750	0.1569917754	0.2065985107
1751	0.1569716312	0.2065695705
1752	0.156969666	0.2065674718
1753	0.1569633805	0.2065599378
1754	0.1569558322	0.206551689
1755	0.1569538433	0.2065491876
1756	0.1569537959	0.2065491051
1757	0.1569468129	0.2065405741
1758	0.1569466596	0.2065404989
1759	0.1569405612	0.2065334012
1760	0.1569339983	0.2065253072
1761	0.1569288758	0.2065189385
1762	0.156917349	0.206507196
1763	0.1569116585	0.2065007778
1764	0.1569032489	0.20649048
1765	0.1568983017	0.2064836346
1766	0.1568771275	0.2064615478
1767	0.1568770797	0.2064614653
1768	0.1568770008	0.206461359
1769	0.1568658945	0.2064494366
1770	0.1568629775	0.2064443349
1771	0.1568629468	0.2064442808
1772	0.156857214	0.2064368163
1773	0.1568571175	0.206436711
1774	0.1568570318	0.2064366202
1775	0.1568566491	0.2064360456
1776	0.1568522141	0.2064296825
1777	0.1568398457	0.2064171591
1778	0.1568175999	0.2063876155
1779	0.156811255	0.2063799544
1780	0.1568105059	0.2063790089
1781	0.1568104732	0.2063789524
1782	0.1568040409	0.2063698598
1783	0.1568038837	0.2063696691
1784	0.1568004111	0.2063650124
1785	0.1567901311	0.2063536009
1786	0.1567900629	0.2063535178
1787	0.1567899142	0.206353305
1788	0.1567747805	0.2063375624
1789	0.1567747552	0.2063375073
1790	0.1567746244	0.2063374351
1791	0.1567737999	0.2063365332
1792	0.1567633706	0.2063257951
1793	0.1567632656	0.2063256727
1794	0.1567632276	0.2063256158
1795	0.1567632024	0.206325561
1796	0.156760762	0.2063217995
1797	0.1567606808	0.2063217103
1798	0.1567526748	0.2063120771
1799	0.1567526298	0.2063119959
1800	0.1567525477	0.2063119067
1801	0.156746534	0.2063035592
1802	0.1567342857	0.2062900422
1803	0.1567221574	0.2062743046
1804	0.1567161773	0.2062671209
1805	0.1567160187	0.2062668749
1806	0.1567054493	0.2062547199
1807	0.1567053676	0.2062546313
1808	0.1567043692	0.2062530925
1809	0.156704277	0.2062529895
1810	0.1566971696	0.2062446946
1811	0.156697068	0.2062445424
1812	0.1566904637	0.2062357115
1813	0.156690396	0.2062355946
1814	0.1566903505	0.2062355142
1815	0.1566903183	0.20623546
1816	0.1566799975	0.2062220171
1817	0.1566725265	0.2062141526
1818	0.1566605369	0.2061996758
1819	0.1566572119	0.2061944904
1820	0.1566570741	0.2061942926
1821	0.1566497558	0.2061860127
1822	0.1566497279	0.2061859577
1823	0.1566497198	0.2061858582
1824	0.1566446757	0.2061788061
1825	0.1566373354	0.2061699923
1826	0.1566328605	0.2061656642
1827	0.1566228275	0.2061524534
1828	0.1566135531	0.206140747
1829	0.1566133775	0.206140651
1830	0.1566133426	0.2061405984
1831	0.1566091909	0.2061348632
1832	0.156598655	0.2061245413
1833	0.1565923467	0.2061167765
1834	0.1565922674	0.2061166893
1835	0.1565921883	0.2061166023
1836	0.1565873622	0.2061133657
1837	0.1565735073	0.2060982528
1838	0.1565628706	0.2060884218
1839	0.1565628617	0.2060883218
1840	0.1565627892	0.2060881792
1841	0.1565595446	0.2060830964
1842	0.1565537654	0.2060755282
1843	0.1565506306	0.2060726835
1844	0.1565453768	0.206065762
1845	0.1565361602	0.2060565718
1846	0.1565310331	0.2060519422
1847	0.1565238474	0.2060437424
1848	0.1565238224	0.2060436905
1849	0.1565118133	0.2060316004
1850	0.156511728	0.2060314988
1851	0.1565116303	0.2060313483
1852	0.1565044917	0.2060219176
1853	0.1565043811	0.2060217177
1854	0.1564969181	0.2060107082
1855	0.1564969101	0.2060106078
1856	0.1564919319	0.2060048022
1857	0.1564853828	0.2059943007
1858	0.1564667079	0.2059697388
1859	0.1564621802	0.2059644809
1860	0.1564579408	0.2059583595
1861	0.1564578823	0.2059582686
1862	0.1564578039	0.2059582107
1863	0.1564568919	0.2059558645
1864	0.1564568108	0.2059557436
1865	0.1564567862	0.2059556921
1866	0.156447443	0.2059478211
1867	0.156433265	0.2059345304
1868	0.1564331413	0.2059344636
1869	0.1564294725	0.2059284443
1870	0.1564195481	0.2059181423
1871	0.1564194154	0.2059179461
1872	0.1564095934	0.2059078124
1873	0.1564002071	0.2058977759
1874	0.1563942969	0.2058913717
1875	0.1563941865	0.2058911959
1876	0.1563890278	0.2058839345
1877	0.1563849751	0.2058781038
1878	0.1563849201	0.2058779883
1879	0.1563800598	0.2058712787
1880	0.1563799743	0.2058710988
1881	0.1563779401	0.2058695121
1882	0.1563778964	0.2058694348
1883	0.1563779629	0.2058693697
1884	0.1563767281	0.2058678921
1885	0.156367289	0.2058572818
1886	0.1563672619	0.2058572312
1887	0.1563641732	0.2058539423
1888	0.1563641449	0.2058538636
1889	0.1563547773	0.2058435158
1890	0.1563444815	0.2058302753
1891	0.1563444252	0.2058301925
1892	0.1563380244	0.2058240581
1893	0.1563312928	0.2058164921
1894	0.1563312667	0.2058164416
1895	0.1563202737	0.2058023925
1896	0.1563202355	0.2058023285
1897	0.1563201772	0.2058022169
1898	0.1563201344	0.2058021404
1899	0.1563164828	0.2057978755
1900	0.1563119852	0.2057907776
1901	0.1563119567	0.2057907263
1902	0.1563119427	0.2057906701
1903	0.1563119005	0.2057905939
1904	0.1563118304	0.2057904881
1905	0.1563117756	0.2057904061
1906	0.1562839655	0.2057545292
1907	0.1562839106	0.2057544474
1908	0.1562795763	0.2057474547
1909	0.1562651743	0.2057345246
1910	0.1562542993	0.2057212137
1911	0.156248584	0.2057149926
1912	0.1562485368	0.2057149138
1913	0.1562484811	0.2057147476
1914	0.1562432738	0.2057062134
1915	0.1562432475	0.2057061639
1916	0.1562432212	0.2057061144
1917	0.1562383405	0.2057015181
1918	0.1562349176	0.2056966435
1919	0.156234856	0.2056965502
1920	0.1562241911	0.2056866817
1921	0.1562241683	0.2056866314
1922	0.1562111539	0.2056718842
1923	0.1562065904	0.2056658363
1924	0.1562047503	0.2056641869
1925	0.1562047267	0.2056641374
1926	0.1562046288	0.2056638793
1927	0.1562039271	0.2056632704
1928	0.1561956337	0.2056526498
1929	0.1561851617	0.2056402209
1930	0.1561632632	0.2056119402
1931	0.156162098	0.2056105456
1932	0.1561594637	0.2056053638
1933	0.1561594084	0.2056052837
1934	0.1561502472	0.2055955857
1935	0.156150192	0.2055955057
1936	0.1561384567	0.2055815457
1937	0.1561384018	0.2055814658
1938	0.156119369	0.2055593174
1939	0.1561143936	0.2055533093
1940	0.156114324	0.2055532151
1941	0.1561077407	0.2055446216
1942	0.1561021832	0.2055386364
1943	0.1561014778	0.2055380058
1944	0.156092568	0.2055293134
1945	0.1560925254	0.2055292388
1946	0.1560814851	0.2055175142
1947	0.1560814013	0.2055173867
1948	0.1560735812	0.2055086855
1949	0.1560735264	0.2055086063
1950	0.1560566175	0.2054887353
1951	0.1560548142	0.2054855718
1952	0.1560547594	0.2054854929
1953	0.1560371723	0.2054654058
1954	0.1560371196	0.2054653077
1955	0.1560370774	0.2054652336
1956	0.1560335676	0.2054604878
1957	0.1560335254	0.205460414
1958	0.1560238618	0.2054501248
1959	0.1560174754	0.2054417576
1960	0.1560089234	0.2054319326
1961	0.1560086507	0.2054315929
1962	0.1560086235	0.2054315445
1963	0.1560082936	0.2054311168
1964	0.1559969934	0.2054177547
1965	0.1559877872	0.2054073184
1966	0.1559834462	0.2054008074
1967	0.1559815628	0.205397862
1968	0.155981433	0.2053976249
1969	0.1559710237	0.2053867169
1970	0.1559519858	0.2053658038
1971	0.1559452375	0.205358133
1972	0.1559439108	0.2053556395
1973	0.1559389199	0.2053497634
1974	0.1559319934	0.2053422817
1975	0.1559267143	0.2053371133
1976	0.1559162855	0.2053253057
1977	0.1558953888	0.2052986475
1978	0.1558953321	0.2052985701
1979	0.1558870948	0.205288369
1980	0.155881607	0.2052800688
1981	0.1558721073	0.2052702212
1982	0.1558619584	0.2052606771
1983	0.1558619269	0.2052606291
1984	0.1558618662	0.2052604898
1985	0.1558618051	0.2052604389
1986	0.1558617738	0.2052603909
1987	0.155852785	0.2052497444
1988	0.155845632	0.2052411994
1989	0.1558456014	0.2052411515
1990	0.1558281131	0.2052161427
1991	0.1558237762	0.2052104848
1992	0.1558077811	0.2051916976
1993	0.1557957192	0.2051771537
1994	0.1557851586	0.2051661019
1995	0.1557784275	0.2051588621
1996	0.1557783692	0.2051587854
1997	0.1557747704	0.2051563448
1998	0.1557666362	0.2051485481
1999	0.1557665453	0.2051484931
2000	0.1557543567	0.2051347128
2001	0.1557480767	0.2051265919
2002	0.1557464916	0.2051243085
2003	0.1557457543	0.2051233736
2004	0.1557455562	0.2051231039
2005	0.1557414814	0.2051167483
2006	0.1557216083	0.2050960128
2007	0.1557215509	0.205095937
2008	0.1557215215	0.2050958895
2009	0.1557214972	0.2050958386
2010	0.1557162767	0.2050890747
2011	0.1557123623	0.2050840632
2012	0.1557076761	0.2050790542
2013	0.1557018646	0.2050733715
2014	0.1557018355	0.205073324
2015	0.1556936963	0.2050615328
2016	0.1556936405	0.2050614575
2017	0.1556885073	0.2050549791
2018	0.155688469	0.2050549292
2019	0.1556884236	0.2050548573
2020	0.1556883944	0.20505481
2021	0.1556842858	0.2050488568
2022	0.155674444	0.2050405441
2023	0.1556666707	0.2050311245
2024	0.1556407338	0.2049987077
2025	0.1556357862	0.204993436
2026	0.1556310731	0.2049875704
2027	0.1556227878	0.2049787766
2028	0.155616045	0.2049694894
2029	0.1556096811	0.2049621609
2030	0.1556028686	0.2049517957
2031	0.1556028222	0.204951724
2032	0.1556027686	0.204951625
2033	0.1556025366	0.2049512777
2034	0.1555836783	0.2049303353
2035	0.155583649	0.2049302875
2036	0.1555836183	0.2049302405
2037	0.1555835878	0.2049301935
2038	0.15558353	0.2049301189
2039	0.155575597	0.2049206791
2040	0.1555755672	0.2049206322
2041	0.1555754737	0.2049205151
2042	0.1555719005	0.2049161544
2043	0.1555543097	0.2048957524
2044	0.1555437441	0.2048820529
2045	0.155540225	0.2048781932
2046	0.1555294792	0.2048631413
2047	0.1555264719	0.2048588353
2048	0.1555262976	0.2048587293
2049	0.1555235659	0.2048558905
2050	0.1555194421	0.2048504406
2051	0.1555110233	0.2048412052
2052	0.1555030529	0.2048317101
2053	0.1555030077	0.204831639
2054	0.1554978558	0.2048251843
2055	0.1554974278	0.204824483
2056	0.1554961579	0.2048226991
2057	0.1554961124	0.2048226282
2058	0.1554874736	0.2048131903
2059	0.1554874603	0.2048130857
2060	0.1554874039	0.204813012
2061	0.1554872947	0.204812834
2062	0.155487241	0.2048127376
2063	0.1554822937	0.2048064757
2064	0.1554750102	0.2047970154
2065	0.1554749134	0.2047968998
2066	0.1554714402	0.2047926697
2067	0.1554642239	0.204784336
2068	0.1554586177	0.2047756155
2069	0.155453635	0.204770216
2070	0.1554315649	0.2047409508
2071	0.1554256332	0.2047323218
2072	0.1554255366	0.2047322063
2073	0.1554202756	0.2047246178
2074	0.1554136394	0.2047158377
2075	0.155407506	0.2047091602
2076	0.1554074167	0.2047090271
2077	0.1554073758	0.2047089678
2078	0.1553973645	0.2046984777
2079	0.1553884317	0.2046887329
2080	0.1553883875	0.2046886627
2081	0.1553784608	0.204678835
2082	0.1553759137	0.2046752554
2083	0.1553601789	0.2046571059
2084	0.155360038	0.2046568918
2085	0.1553512535	0.2046457557
2086	0.1553344118	0.2046283286
2087	0.1553343354	0.2046282308
2088	0.1553270684	0.204620458
2089	0.1553269825	0.2046203488
2090	0.155326911	0.2046201713
2091	0.1553219277	0.2046147298
2092	0.1553219846	0.2046146747
2093	0.1553168505	0.2046080569
2094	0.1553106353	0.2045996836
2095	0.155306352	0.2045938108
2096	0.1553030747	0.2045902449
2097	0.1552965473	0.2045812347
2098	0.1552964945	0.2045811628
2099	0.1552964683	0.2045811169
2100	0.1552964139	0.2045809581
2101	0.1552959264	0.2045802084
2102	0.1552727755	0.2045495272
2103	0.1552700992	0.204546445
2104	0.1552642248	0.2045383957
2105	0.155264172	0.204538324
2106	0.1552559681	0.2045281301
2107	0.1552559402	0.2045280821
2108	0.1552486539	0.2045177385
2109	0.1552485445	0.2045175719
2110	0.1552395428	0.204507753
2111	0.1552253836	0.2044929936
2112	0.1552236936	0.2044913119
2113	0.1552236106	0.204491239
2114	0.155214996	0.2044808581
2115	0.1552145216	0.2044803133
2116	0.1551985944	0.2044660266
2117	0.1551915572	0.2044545569
2118	0.1551915319	0.2044545111
2119	0.1551914518	0.2044544035
2120	0.155187571	0.2044502756
2121	0.1551822802	0.2044436039
2122	0.1551723107	0.2044316957
2123	0.1551720293	0.2044313489
2124	0.1551719364	0.2044311829
2125	0.155166069	0.2044250395
2126	0.155165873	0.2044248134
2127	0.1551658306	0.2044247219
2128	0.1551615021	0.2044181391
2129	0.1551613543	0.2044179783
2130	0.1551443238	0.2043955022
2131	0.1551361168	0.2043853744
2132	0.1551360987	0.2043853238
2133	0.1551318208	0.2043803193
2134	0.1551316726	0.20438004
2135	0.1551276592	0.2043748134
2136	0.1551202579	0.2043659413
2137	0.1551110661	0.2043556851
2138	0.1551029264	0.2043474877
2139	0.1551027883	0.2043473599
2140	0.1550898078	0.2043304962
2141	0.1550895892	0.2043302639
2142	0.1550819319	0.2043213152
2143	0.1550768219	0.2043137396
2144	0.1550659564	0.2043054399
2145	0.1550488617	0.2042859976
2146	0.1550421937	0.2042782863
2147	0.1550355501	0.2042702744
2148	0.155030463	0.2042628408
2149	0.1550221503	0.2042524937
2150	0.1550220859	0.2042523657
2151	0.1550189447	0.204247355
2152	0.1550068714	0.2042325493
2153	0.1550021049	0.2042275535
2154	0.1549924298	0.2042176712
2155	0.1549857421	0.2042093091
2156	0.1549817979	0.2042031348
2157	0.1549755628	0.204196335
2158	0.1549662853	0.2041855582
2159	0.1549662669	0.204185508
2160	0.1549662398	0.2041854605
2161	0.1549504227	0.2041682754
2162	0.154940592	0.2041567027
2163	0.1549357296	0.2041507255
2164	0.1549272232	0.204139785
2165	0.1549264788	0.2041389063
2166	0.1549264326	0.204138828
2167	0.1549226565	0.2041348981
2168	0.1549047906	0.2041128514
2169	0.1549046539	0.2041126885
2170	0.1548881292	0.2040939868
2171	0.1548881006	0.2040939395
2172	0.1548880298	0.2040938552
2173	0.1548842795	0.2040894231
2174	0.1548842528	0.204089378
2175	0.1548744516	0.2040784527
2176	0.1548707178	0.2040729291
2177	0.1548706907	0.2040728841
2178	0.1548689019	0.2040709791
2179	0.1548584683	0.2040594003
2180	0.1548505768	0.2040488595
2181	0.1548479476	0.204046574
2182	0.1548477633	0.2040462835
2183	0.1548477132	0.2040461915
2184	0.1548361978	0.2040319418
2185	0.154828916	0.2040232921
2186	0.1548288117	0.2040231481
2187	0.1548253728	0.2040177588
2188	0.1548252679	0.2040176154
2189	0.1548252214	0.2040175605
2190	0.1548190817	0.2040090442
2191	0.1548145805	0.2040028782
2192	0.1548105288	0.2039980944
2193	0.15480755	0.2039945977
2194	0.1548002373	0.2039873561
2195	0.1547994749	0.2039864708
2196	0.1547994476	0.2039864259
2197	0.1547910802	0.2039758989
2198	0.1547839899	0.2039675359
2199	0.1547755916	0.2039567961
2200	0.1547755711	0.2039567633
2201	0.154771803	0.2039517386
2202	0.1547717456	0.2039516472
2203	0.1547672964	0.2039450541
2204	0.154760398	0.203935225
2205	0.1547603188	0.2039351166
2206	0.1547475416	0.2039209716
2207	0.1547425479	0.2039162451
2208	0.1547388602	0.203911727
2209	0.1547338492	0.2039042233
2210	0.1547291487	0.203897971
2211	0.1547212959	0.203890479
2212	0.1547185906	0.2038866089
2213	0.1547185513	0.2038865412
2214	0.1547131222	0.2038797973
2215	0.1547064458	0.2038726893
2216	0.154689915	0.2038529635
2217	0.1546898907	0.2038529187
2218	0.1546898347	0.2038528469
2219	0.1546839358	0.2038454833
2220	0.1546838227	0.2038453084
2221	0.1546793765	0.20383992
2222	0.154679299	0.2038397998
2223	0.1546735299	0.2038324552
2224	0.1546734611	0.2038323724
2225	0.1546734088	0.2038322272
2226	0.1546705116	0.2038288417
2227	0.1546641248	0.2038205311
2228	0.1546599375	0.2038150452
2229	0.1546434276	0.2037972398
2230	0.1546433249	0.2037970981
2231	0.154640829	0.2037931387
2232	0.1546302651	0.2037782998
2233	0.1546239065	0.2037703708
2234	0.1546200947	0.2037649557
2235	0.1546200568	0.2037648987
2236	0.1546200293	0.2037648539
2237	0.1546198389	0.2037646112
2238	0.1546041604	0.2037476545
2239	0.1546041181	0.2037475875
2240	0.1546015542	0.2037436624
2241	0.1546014929	0.2037435629
2242	0.1545989445	0.2037407534
2243	0.1545870427	0.2037276328
2244	0.1545848636	0.2037254444
2245	0.1545772539	0.2037164384
2246	0.1545719199	0.2037098243
2247	0.154568014	0.2037052091
2248	0.1545660164	0.2037023251
2249	0.1545659542	0.2037021473
2250	0.1545597722	0.2036922699
2251	0.154551078	0.2036812892
2252	0.1545323935	0.2036603644
2253	0.1545180178	0.2036438702
2254	0.1545155985	0.2036410058
2255	0.1545155101	0.2036409084
2256	0.1545154034	0.2036407364
2257	0.1545011932	0.2036282081
2258	0.1545011689	0.203628164
2259	0.1545011416	0.2036281103
2260	0.1544955675	0.203621585
2261	0.1544824989	0.2036034722
2262	0.1544783759	0.2035984934
2263	0.1544783364	0.203598427
2264	0.1544729306	0.2035924723
2265	0.1544729048	0.2035924043
2266	0.1544664474	0.203585083
2267	0.1544603584	0.2035769572
2268	0.1544481447	0.2035632827
2269	0.1544442836	0.2035583849
2270	0.154442452	0.2035554962
2271	0.1544423892	0.2035554095
2272	0.1544354994	0.2035473387
2273	0.15443545	0.2035472723
2274	0.1544241849	0.2035336415
2275	0.1544192097	0.2035264991
2276	0.1544166988	0.2035242963
2277	0.1543970505	0.2035019439
2278	0.1543930423	0.2034973814
2279	0.1543879231	0.2034904778
2280	0.1543878358	0.2034903713
2281	0.1543877958	0.2034903054
2282	0.1543860412	0.2034880884
2283	0.1543860238	0.20348804
2284	0.1543811467	0.2034814503
2285	0.1543801307	0.2034801591
2286	0.1543799954	0.2034800368
2287	0.1543584762	0.2034517786
2288	0.1543560865	0.2034481614
2289	0.1543507755	0.2034411166
2290	0.1543486139	0.2034374673
2291	0.1543413386	0.2034284503
2292	0.1543324047	0.2034175094
2293	0.1543323855	0.2034174612
2294	0.1543322822	0.2034173226
2295	0.1543301282	0.2034148838
2296	0.1543256767	0.2034086636
2297	0.1543234079	0.2034055028
2298	0.1543169456	0.2033955421
2299	0.1543142358	0.2033931619
2300	0.154314087	0.20339308
2301	0.1543139852	0.2033929418
2302	0.1543137153	0.2033925211
2303	0.154313675	0.2033924557
2304	0.154312291	0.2033894429
2305	0.1543056936	0.2033824104
2306	0.1543056535	0.2033823668
2307	0.1543034041	0.2033793692
2308	0.1542949059	0.2033698999
2309	0.1542948814	0.2033698567
2310	0.154288089	0.2033612246
2311	0.1542880115	0.2033611449
2312	0.1542879627	0.2033610797
2313	0.1542879483	0.2033610332
2314	0.1542741418	0.2033461864
2315	0.1542662037	0.2033348794
2316	0.1542612593	0.2033289272
2317	0.1542541295	0.2033187096
2318	0.1542491107	0.2033143163
2319	0.1542399914	0.2033027609
2320	0.1542399027	0.2033026854
2321	0.1542348378	0.2032963665
2322	0.1542231934	0.2032836191
2323	0.1542231082	0.2032835148
2324	0.1542178811	0.2032779322
2325	0.1542114351	0.2032716796
2326	0.1542113352	0.2032715423
2327	0.1542113113	0.2032714992
2328	0.1541943581	0.2032531673
2329	0.1541911607	0.2032478996
2330	0.1541883569	0.2032437733
2331	0.1541785065	0.2032332255
2332	0.1541784466	0.2032331107
2333	0.1541751534	0.2032285893
2334	0.1541750205	0.203228469
2335	0.1541694543	0.203220247
2336	0.1541578348	0.2032085161
2337	0.15415079	0.2032007819
2338	0.1541368178	0.2031836763
2339	0.1541312264	0.2031778765
2340	0.1541240992	0.2031689669
2341	0.1541157611	0.203160106
2342	0.154100816	0.2031415206
2343	0.1540945135	0.2031344033
2344	0.1540857648	0.2031250663
2345	0.1540782446	0.2031175867
2346	0.1540703684	0.2031061548
2347	0.1540625943	0.203096171
2348	0.1540452489	0.2030745886
2349	0.154045232	0.2030745412
2350	0.1540451858	0.2030744573
2351	0.1540451267	0.2030743905
2352	0.1540449356	0.2030741591
2353	0.1540424326	0.2030715139
2354	0.154042378	0.2030714384
2355	0.154042278	0.2030713012
2356	0.1540422611	0.2030712541
2357	0.1540312896	0.20305948
2358	0.1540260815	0.2030530719
2359	0.1540189573	0.2030455399
2360	0.1540186009	0.203044942
2361	0.1540132499	0.2030379227
2362	0.1540102615	0.20303371
2363	0.1540045719	0.2030269664
2364	0.1540018564	0.2030239943
2365	0.1540017699	0.2030238919
2366	0.1539968975	0.2030177857
2367	0.1539968494	0.2030177223
2368	0.1539961861	0.2030167255
2369	0.1539959836	0.2030164324
2370	0.1539817319	0.2029983188
2371	0.1539769997	0.2029937543
2372	0.1539768987	0.2029936175
2373	0.1539768484	0.2029935398
2374	0.1539768221	0.2029934953
2375	0.1539618537	0.2029748633
2376	0.1539618049	0.2029748004
2377	0.1539569809	0.2029693734
2378	0.1539569411	0.2029693096
2379	0.1539527616	0.2029645679
2380	0.1539525218	0.2029642256
2381	0.1539523946	0.2029640867
2382	0.1539523535	0.202964023
2383	0.153952304	0.2029639604
2384	0.1539521571	0.2029637466
2385	0.1539414682	0.202952147
2386	0.1539390657	0.202949696
2387	0.1539365723	0.2029470487
2388	0.1539364711	0.2029469128
2389	0.1539364028	0.2029468205
2390	0.153929277	0.2029391549
2391	0.1539291973	0.2029390474
2392	0.1539290964	0.2029389121
2393	0.1539229731	0.2029306934
2394	0.1539229324	0.2029306304
2395	0.1539228769	0.2029305643
2396	0.1539138607	0.2029193747
2397	0.1539087748	0.2029125807
2398	0.1539009212	0.2029029399
2399	0.1538994046	0.2029005792
2400	0.1538913093	0.2028927831
2401	0.1538912537	0.2028926987
2402	0.1538911285	0.2028925972
2403	0.1538910878	0.2028925347
2404	0.153883964	0.2028813936
2405	0.153883863	0.2028812592
2406	0.1538809887	0.2028768795
2407	0.1538730762	0.2028670842
2408	0.1538729868	0.2028668609
2409	0.1538653944	0.2028593448
2410	0.153865328	0.2028592693
2411	0.1538653031	0.2028592281
2412	0.1538571867	0.2028508651
2413	0.1538571474	0.2028508031
2414	0.1538550143	0.2028482882
2415	0.1538478304	0.2028422768
2416	0.1538436196	0.2028367596
2417	0.1538427582	0.2028356114
2418	0.1538425639	0.202835276
2419	0.1538388986	0.2028294519
2420	0.1538359233	0.2028262753
2421	0.1538359033	0.2028262342
2422	0.1538358762	0.2028261704
2423	0.1538306053	0.2028197847
2424	0.1538305869	0.2028196621
2425	0.1538305094	0.2028195639
2426	0.153825492	0.2028140318
2427	0.1538161196	0.2028041553
2428	0.153808667	0.2027956474
2429	0.1538060878	0.2027920756
2430	0.1538001447	0.2027842377
2431	0.1538000553	0.2027840756
2432	0.1538000157	0.202784014
2433	0.1537999895	0.2027839712
2434	0.153799855	0.202783817
2435	0.1537974594	0.202781593
2436	0.1537974118	0.2027815328
2437	0.1537948205	0.2027781866
2438	0.1537916911	0.2027751895
2439	0.1537916515	0.2027751117
2440	0.1537888249	0.2027720917
2441	0.1537812002	0.2027633421
2442	0.1537779398	0.2027590988
2443	0.1537778703	0.2027589692
2444	0.1537777707	0.2027588363
2445	0.1537720646	0.20275277
2446	0.153767901	0.2027467267
2447	0.153757002	0.2027336277
2448	0.1537569033	0.2027334952
2449	0.1537478108	0.2027239328
2450	0.1537446233	0.202719764
2451	0.1537363706	0.2027112456
2452	0.1537364234	0.2027111772
2453	0.15372952	0.2027029752
2454	0.1537275825	0.2027002261
2455	0.1537267443	0.202699037
2456	0.1537267278	0.2026989923
2457	0.1537120368	0.2026793648
2458	0.1537052416	0.2026713031
2459	0.1537010468	0.2026647235
2460	0.153700934	0.202664605
2461	0.1536908262	0.2026535037
2462	0.1536888423	0.2026511993
2463	0.1536810566	0.2026418281
2464	0.1536757635	0.202635311
2465	0.1536613992	0.2026190501
2466	0.1536513232	0.2026100059
2467	0.1536512825	0.2026099281
2468	0.1536511759	0.2026098647
2469	0.1536507438	0.202609374
2470	0.1536403234	0.2025991557
2471	0.1536359271	0.2025924111
2472	0.1536272373	0.2025817022
2473	0.1536250444	0.2025774087
2474	0.1536219239	0.2025733657
2475	0.1536191998	0.2025704438
2476	0.153612575	0.2025625108
2477	0.1536125007	0.2025624143
2478	0.153606222	0.2025545355
2479	0.1535996475	0.2025460941
2480	0.1535972824	0.2025430828
2481	0.1535972077	0.2025429865
2482	0.1535971072	0.202542855
2483	0.1535943427	0.2025397078
2484	0.1535883303	0.2025337316
2485	0.1535846271	0.2025284458
2486	0.1535845908	0.2025283939
2487	0.153576609	0.2025197029
2488	0.1535684379	0.2025095746
2489	0.1535658183	0.2025064865
2490	0.1535657192	0.2025063555
2491	0.1535571557	0.2024956891
2492	0.1535570513	0.2024956269
2493	0.1535522771	0.2024880451
2494	0.153552242	0.2024879934
2495	0.1535470323	0.2024823091
2496	0.1535469612	0.2024822139
2497	0.1535372063	0.2024719495
2498	0.1535249242	0.202456851
2499	0.1535193819	0.2024504187
2500	0.1535193341	0.2024502546
2501	0.1535192359	0.2024501662
2502	0.153519199	0.2024501145
2503	0.15351916	0.2024500546
2504	0.1535087375	0.2024384992
2505	0.1535086385	0.2024383687
2506	0.1534927543	0.2024178256
2507	0.1534887155	0.2024127792
2508	0.1534841374	0.2024074855
2509	0.1534814801	0.2024055342
2510	0.1534813998	0.2024054232
2511	0.1534784852	0.2024016158
2512	0.1534783595	0.2024014839
2513	0.1534738579	0.2023957404
2514	0.153463929	0.2023849872
2515	0.1534638842	0.202384907
2516	0.1534564701	0.2023763816
2517	0.1534496463	0.2023700417
2518	0.1534495861	0.2023699698
2519	0.1534472699	0.2023662173
2520	0.1534471558	0.2023661011
2521	0.1534427164	0.2023604528
2522	0.1534425349	0.2023601263
2523	0.1534380205	0.2023550619
2524	0.1534380682	0.2023549979
2525	0.1534259287	0.202339598
2526	0.153425867	0.2023394763
2527	0.1534257682	0.2023393467
2528	0.1534256704	0.2023392867
2529	0.1534255737	0.2023391358
2530	0.1534207707	0.2023339491
2531	0.1534207185	0.2023338774
2532	0.1534205476	0.2023336534
2533	0.1534205238	0.2023336143
2534	0.1534174861	0.2023294315
2535	0.1534068251	0.2023167549
2536	0.1534046106	0.2023128712
2537	0.1533988953	0.2023060978
2538	0.15339539	0.2023009947
2539	0.153395197	0.2023007249
2540	0.1533951786	0.2023006077
2541	0.1533950808	0.2023004793
2542	0.153395043	0.2023004206
2543	0.1533949475	0.2023002577
2544	0.153389973	0.2022938309
2545	0.1533899379	0.2022937804
2546	0.1533811684	0.2022806026
2547	0.1533727134	0.2022715114
2548	0.1533640157	0.2022624818
2549	0.1533583009	0.2022551133
2550	0.1533544646	0.2022496131
2551	0.1533513895	0.202246442
2552	0.1533368778	0.2022316708
2553	0.1533368397	0.2022316121
2554	0.1533318304	0.2022260692
2555	0.1533303281	0.2022244911
2556	0.1533303029	0.2022244503
2557	0.153321745	0.2022145634
2558	0.1533170498	0.202208615
2559	0.1533169058	0.2022084086
2560	0.1533139737	0.20220398
2561	0.1533095615	0.2021967019
2562	0.1533053291	0.202192165
2563	0.1532980042	0.2021841644
2564	0.1532978513	0.2021839836
2565	0.1532939295	0.202179941
2566	0.1532925875	0.2021786901
2567	0.1532925172	0.2021785626
2568	0.1532924188	0.2021784353
2569	0.1532923205	0.2021783084
2570	0.1532819933	0.2021660857
2571	0.1532819865	0.2021660394
2572	0.1532817995	0.2021657912
2573	0.1532748907	0.2021580971
2574	0.1532684403	0.2021504574
2575	0.1532595777	0.2021391612
2576	0.1532594654	0.2021389506
2577	0.1532576546	0.2021366046
2578	0.1532566495	0.2021354301
2579	0.153250011	0.2021271066
2580	0.1532465716	0.2021235859
2581	0.1532377073	0.2021162924
2582	0.1532350337	0.2021126389
2583	0.1532349355	0.2021125125
2584	0.1532329171	0.2021101361
2585	0.1532306985	0.2021078693
2586	0.1532280938	0.2021046559
2587	0.1532254784	0.2021020149
2588	0.1532179533	0.2020928982
2589	0.1532156582	0.2020893534
2590	0.1532067065	0.2020796327
2591	0.153206561	0.2020794289
2592	0.1532029899	0.2020738498
2593	0.153196617	0.2020660004
2594	0.1531937098	0.202062062
2595	0.1531917509	0.2020602308
2596	0.1531916621	0.202059979
2597	0.1531777402	0.202043408
2598	0.1531777017	0.2020433324
2599	0.1531774338	0.2020430661
2600	0.1531773374	0.2020429194
2601	0.1531714787	0.2020359183
2602	0.1531684178	0.2020326174
2603	0.1531666112	0.2020299922
2604	0.1531618059	0.2020241158
2605	0.1531617677	0.2020240581
2606	0.1531617425	0.2020240055
2607	0.1531535805	0.2020137817
2608	0.1531471094	0.2020052593
2609	0.1531462741	0.2020043704
2610	0.1531460697	0.2020041603
2611	0.1531397259	0.2019967105
2612	0.1531387475	0.2019956432
2613	0.1531361224	0.2019919175
2614	0.153136037	0.2019917351
2615	0.1531326568	0.2019874016
2616	0.1531325192	0.2019871309
2617	0.1531257179	0.2019796526
2618	0.1531256263	0.2019795958
2619	0.1531256009	0.2019795557
2620	0.1531255689	0.2019795147
2621	0.1531187655	0.2019726121
2622	0.1531137995	0.201966129
2623	0.1531137734	0.2019660908
2624	0.1531130542	0.2019650631
2625	0.1531129599	0.2019649503
2626	0.1531129199	0.2019648931
2627	0.1531126334	0.2019645927
2628	0.1531070525	0.2019580134
2629	0.1531069921	0.2019579407
2630	0.1531007768	0.2019512201
2631	0.1531007365	0.2019511631
2632	0.1530986092	0.201948447
2633	0.1530924861	0.2019419767
2634	0.1530856686	0.2019335888
2635	0.153080195	0.2019247907
2636	0.1530801404	0.2019247173
2637	0.1530775818	0.2019221323
2638	0.1530775417	0.2019220755
2639	0.1530772897	0.2019218361
2640	0.1530772496	0.2019217795
2641	0.1530750544	0.2019191147
2642	0.1530668209	0.2019108882
2643	0.1530633021	0.2019062627
2644	0.1530599623	0.2019020508
2645	0.1530564625	0.2018960587
2646	0.1530519645	0.2018912717
2647	0.1530519257	0.2018911921
2648	0.1530518846	0.2018911455
2649	0.1530517799	0.2018908903
2650	0.1530505231	0.2018896202
2651	0.1530504838	0.2018895637
2652	0.1530405149	0.2018777072
2653	0.1530403992	0.2018775468
2654	0.1530342604	0.2018684648
2655	0.1530339972	0.2018681924
2656	0.1530339791	0.2018681507
2657	0.1530338896	0.2018680483
2658	0.1530316567	0.2018656547
2659	0.1530315728	0.2018654865
2660	0.153031555	0.201865445
2661	0.1530315317	0.2018654069
2662	0.1530315064	0.2018653676
2663	0.1530313447	0.2018651824
2664	0.1530291846	0.2018619442
2665	0.1530290967	0.2018618908
2666	0.1530290575	0.2018618255
2667	0.1530230942	0.2018560791
2668	0.1530230701	0.2018560417
2669	0.1530230524	0.2018560005
2670	0.1530230131	0.2018559542
2671	0.1530229753	0.2018558985
2672	0.1530088775	0.20183863
2673	0.1530020845	0.2018314952
2674	0.1530019866	0.2018313714
2675	0.1529966423	0.2018256928
2676	0.152990483	0.2018184478
2677	0.1529903858	0.2018183243
2678	0.1529852614	0.2018129955
2679	0.152985177	0.2018128582
2680	0.1529850853	0.2018127488
2681	0.1529784501	0.201804414
2682	0.1529782423	0.2018040489
2683	0.1529781371	0.2018038954
2684	0.1529780532	0.2018037586
2685	0.1529632743	0.2017890341
2686	0.1529632474	0.2017889613
2687	0.1529630809	0.2017887289
2688	0.1529626378	0.2017883243
2689	0.1529625782	0.201788217
2690	0.1529625532	0.2017881801
2691	0.1529563373	0.2017811246
2692	0.1529563015	0.2017810763
2693	0.1529483175	0.2017745711
2694	0.1529365776	0.2017616978
2695	0.1529365358	0.2017616224
2696	0.1529308582	0.2017543119
2697	0.1529307607	0.2017541891
2698	0.152923679	0.2017472126
2699	0.1529197986	0.2017423441
2700	0.1529185467	0.2017396723
2701	0.1529142213	0.2017340046
2702	0.1529084682	0.2017269491
2703	0.1529083399	0.2017267951
2704	0.1529059529	0.2017245181
2705	0.1529059172	0.2017244701
2706	0.1528938571	0.2017121947
2707	0.1528937598	0.2017120724
2708	0.1528937418	0.201712032
2709	0.1528935999	0.2017118382
2710	0.1528935648	0.2017117904
2711	0.1528868031	0.2017044412
2712	0.1528867657	0.201704387
2713	0.1528839025	0.2017013415
2714	0.1528838851	0.2017013013
2715	0.1528838461	0.2017012564
2716	0.1528764634	0.2016929015
2717	0.1528764464	0.2016928613
2718	0.1528612139	0.2016769129
2719	0.1528611229	0.2016768058
2720	0.1528584132	0.2016741525
2721	0.1528501851	0.2016633814
2722	0.1528497622	0.2016626459
2723	0.1528497269	0.2016625983
2724	0.1528475717	0.2016596787
2725	0.1528435667	0.2016537833
2726	0.1528369477	0.2016465688
2727	0.1528294058	0.2016385036
2728	0.1528243397	0.2016306243
2729	0.1528243164	0.2016305882
2730	0.1528180595	0.2016242637
2731	0.152817901	0.2016240634
2732	0.1528176714	0.2016237399
2733	0.1528117174	0.201615014
2734	0.1528090494	0.2016124017
2735	0.1528050242	0.2016077743
2736	0.1527921051	0.2015934944
2737	0.1527920683	0.201593447
2738	0.1527920169	0.2015933156
2739	0.152791261	0.2015921194
2740	0.1527879544	0.2015879231
2741	0.1527814615	0.2015786118
2742	0.1527814302	0.2015785454
2743	0.1527804615	0.2015770016
2744	0.1527754986	0.2015718205
2745	0.1527702822	0.2015639234
2746	0.152770245	0.2015638698
2747	0.1527690583	0.2015625661
2748	0.1527584917	0.2015534365
2749	0.1527467609	0.2015384465
2750	0.1527437467	0.2015347024
2751	0.1527436801	0.2015346179
2752	0.152737811	0.2015288588
2753	0.1527244639	0.2015112263
2754	0.1527124305	0.2014987241
2755	0.1527123721	0.2014985316
2756	0.1527052004	0.2014894064
2757	0.152705105	0.2014892851
2758	0.1526940966	0.2014750487
2759	0.1526886496	0.201469076
2760	0.1526832676	0.2014636664
2761	0.1526816598	0.2014612461
2762	0.1526753932	0.2014536606
2763	0.1526733115	0.2014507023
2764	0.1526709282	0.2014474941
2765	0.152660891	0.2014382534
2766	0.1526608033	0.2014381576
2767	0.1526607797	0.2014381219
2768	0.1526562714	0.2014321784
2769	0.1526429013	0.2014159791
2770	0.1526399993	0.2014120211
2771	0.1526359752	0.2014072285
2772	0.152627519	0.2013962044
2773	0.1526233068	0.2013914572
2774	0.1526156438	0.2013831712
2775	0.1526082956	0.20137535
2776	0.1526004697	0.2013672862
2777	0.1525902752	0.2013562923
2778	0.1525849229	0.2013490926
2779	0.1525847328	0.2013488875
2780	0.1525846323	0.2013487265
2781	0.1525784993	0.2013420664
2782	0.1525784636	0.2013420133
2783	0.1525751249	0.2013387968
2784	0.1525651479	0.2013271778
2785	0.1525624908	0.2013237266
2786	0.1525599392	0.2013203479
2787	0.1525599354	0.2013202582
2788	0.1525549743	0.2013125369
2789	0.1525548326	0.2013122939
2790	0.1525485839	0.2013040886
2791	0.1525485356	0.201304022
2792	0.152544452	0.2013000016
2793	0.1525444497	0.2012999652
2794	0.1525444453	0.2012999458
2795	0.1525423721	0.2012970995
2796	0.1525422852	0.2012969943
2797	0.1525423427	0.2012969293
2798	0.1525423215	0.2012968939
2799	0.1525341238	0.2012883932
2800	0.1525320856	0.2012855909
2801	0.1525224505	0.2012753216
2802	0.1525141126	0.2012641698
2803	0.1525127375	0.2012614161
2804	0.1525127162	0.2012613809
2805	0.1525099088	0.2012576822
2806	0.1525098152	0.2012575628
2807	0.1525096512	0.201257344
2808	0.1525096297	0.2012573088
2809	0.1525096185	0.2012572734
2810	0.1525031928	0.2012508188
2811	0.1524929464	0.2012384993
2812	0.1524900831	0.2012343922
2813	0.1524871712	0.2012302517
2814	0.1524871385	0.2012301968
2815	0.152482858	0.2012256463
2816	0.152482607	0.2012252419
2817	0.1524825487	0.2012251669
2818	0.152480676	0.2012224223
2819	0.1524757185	0.2012159953
2820	0.1524682521	0.201207406
2821	0.1524637775	0.2012012384
2822	0.1524630018	0.2011999722
2823	0.1524558654	0.2011923139
2824	0.1524500005	0.2011857959
2825	0.1524480325	0.2011825179
2826	0.1524479407	0.2011823991
2827	0.1524430907	0.2011748553
2828	0.1524333588	0.2011635142
2829	0.152430087	0.2011578336
2830	0.1524299963	0.2011577152
2831	0.1524251224	0.2011517115
2832	0.1524208996	0.2011461769
2833	0.1524208187	0.2011460836
2834	0.1524169835	0.2011406397
2835	0.1524169385	0.201140568
2836	0.1524147822	0.201138479
2837	0.1524085211	0.2011294036
2838	0.1524009215	0.2011197795
2839	0.1523946717	0.2011133951
2840	0.1523946527	0.2011133602
2841	0.1523904992	0.2011079839
2842	0.1523833645	0.2010995579
2843	0.1523692733	0.201081727
2844	0.152369228	0.2010816638
2845	0.1523630045	0.2010737669
2846	0.1523629676	0.2010737059
2847	0.1523588213	0.2010691023
2848	0.1523554663	0.2010645071
2849	0.1523553908	0.2010644258
2850	0.1523479301	0.2010577702
2851	0.1523446287	0.2010527932
2852	0.1523445623	0.2010526221
2853	0.1523386757	0.2010453961
2854	0.1523306997	0.2010369238
2855	0.1523302894	0.2010364081
2856	0.1523261324	0.2010317801
2857	0.1523189542	0.2010237142
2858	0.1523124282	0.2010141959
2859	0.1523076726	0.2010093435
2860	0.1523076439	0.2010092979
2861	0.152303123	0.201002177
2862	0.1522988743	0.2009976417
2863	0.152296741	0.2009957116
2864	0.1522925645	0.2009896921
2865	0.1522925448	0.2009896533
2866	0.1522822971	0.2009772942
2867	0.1522799118	0.2009749235
2868	0.1522656211	0.2009567414
2869	0.15226464	0.2009557582
2870	0.1522646059	0.2009557155
2871	0.1522602065	0.200950779
2872	0.1522602254	0.2009507054
2873	0.1522604288	0.2009504504
2874	0.1522531489	0.2009408952
2875	0.1522399219	0.200927095
2876	0.152239857	0.2009270154
2877	0.1522396974	0.2009267939
2878	0.1522396394	0.2009267208
2879	0.1522396497	0.2009267096
2880	0.1522396354	0.2009266715
2881	0.1522346909	0.2009211531
2882	0.1522346197	0.2009210971
2883	0.1522304624	0.2009157888
2884	0.1522283657	0.2009115645
2885	0.1522253151	0.2009076619
2886	0.1522208587	0.2009011483
2887	0.1522159914	0.2008960395
2888	0.1522063486	0.200886058
2889	0.1522062844	0.2008859766
2890	0.1522059897	0.2008856178
2891	0.1521951681	0.2008736756
2892	0.1521851649	0.2008626515
2893	0.1521851508	0.2008626135
2894	0.1521850768	0.2008625153
2895	0.1521758941	0.2008520439
2896	0.1521706044	0.2008457133
2897	0.1521643466	0.2008384149
2898	0.1521590152	0.2008324943
2899	0.1521574812	0.2008301578
2900	0.1521536754	0.2008263594
2901	0.1521533563	0.2008260501
2902	0.1521497087	0.2008217679
2903	0.152139656	0.2008079401
2904	0.1521318979	0.2007997423
2905	0.1521232693	0.2007891214
2906	0.1521202858	0.2007855655
2907	0.1521143986	0.2007785108
2908	0.152104611	0.2007699325
2909	0.1520959518	0.2007608329
2910	0.1520959366	0.200760795
2911	0.1520932246	0.2007561452
2912	0.1520931438	0.2007560533
2913	0.1520930781	0.2007559567
2914	0.1520930464	0.2007559117
2915	0.1520839042	0.2007456006
2916	0.1520838206	0.2007455097
2917	0.1520837278	0.200745393
2918	0.1520817568	0.2007431498
2919	0.1520769612	0.2007384051
2920	0.1520770101	0.2007383437
2921	0.1520769366	0.2007382549
2922	0.1520769009	0.2007382028
2923	0.1520768644	0.200738161
2924	0.152074858	0.2007353424
2925	0.1520689478	0.200727581
2926	0.1520688817	0.2007275011
2927	0.1520688655	0.2007274666
2928	0.152066973	0.2007251312
2929	0.1520622843	0.200717801
2930	0.1520574599	0.2007125432
2931	0.1520574441	0.2007125058
2932	0.152050492	0.2007046507
2933	0.1520432145	0.200697355
2934	0.152043122	0.2006972389
2935	0.152036939	0.2006901001
2936	0.1520277482	0.2006810093
2937	0.1520183495	0.2006718703
2938	0.1520084962	0.2006595661
2939	0.1519992718	0.2006487736
2940	0.1519992299	0.2006486274
2941	0.1519991667	0.2006485322
2942	0.1519956588	0.2006452212
2943	0.1519956061	0.2006451221
2944	0.1519955327	0.2006449939
2945	0.1519907562	0.200639455
2946	0.1519907373	0.2006394213
2947	0.1519905715	0.2006390571
2948	0.1519905636	0.2006389707
2949	0.1519819351	0.2006314866
2950	0.1519754242	0.2006218395
2951	0.1519675581	0.2006142741
2952	0.1519674897	0.2006141388
2953	0.1519628208	0.2006081812
2954	0.1519597116	0.2006032196
2955	0.1519596492	0.2006031262
2956	0.1519595765	0.2006029905
2957	0.1519532752	0.2005966015
2958	0.151953206	0.2005965141
2959	0.151946534	0.200587986
2960	0.1519405708	0.2005804389
2961	0.1519388037	0.2005782039
2962	0.1519387687	0.2005781624
2963	0.1519378764	0.2005764565
2964	0.1519303933	0.2005683111
2965	0.1519303292	0.2005682186
2966	0.1519245506	0.2005621665
2967	0.1519217562	0.2005592453
2968	0.1519217229	0.2005591957
2969	0.1519176549	0.200554732
2970	0.1519168882	0.2005532605
2971	0.1519156054	0.200550882
2972	0.1519155722	0.2005508325
2973	0.151915539	0.2005507854
2974	0.1519116783	0.2005458269
2975	0.1519107221	0.2005440166
2976	0.1519106588	0.2005439254
2977	0.1519045871	0.2005342904
2978	0.1519045524	0.2005342362
2979	0.1519038106	0.2005332917
2980	0.1518980911	0.2005256672
2981	0.1518978567	0.2005254217
2982	0.1518964641	0.2005224494
2983	0.151891729	0.2005175253
2984	0.1518901104	0.200515389
2985	0.1518885562	0.2005131304
2986	0.1518884645	0.200513016
2987	0.1518864921	0.2005110458
2988	0.1518863822	0.2005108545
2989	0.1518863421	0.2005107981
2990	0.1518840091	0.2005081166
2991	0.1518839758	0.2005080675
2992	0.1518777986	0.2004993351
2993	0.1518756462	0.2004963739
2994	0.1518654646	0.2004832526
2995	0.1518592581	0.2004749745
2996	0.151859226	0.2004749306
2997	0.151858343	0.200473143
2998	0.151856362	0.2004698868
2999	0.1518563152	0.2004698258
3000	0.1518562314	0.2004697157
3001	0.1518561966	0.2004696668
3002	0.1518561361	0.200469608
3003	0.1518543476	0.2004664632
3004	0.1518487488	0.2004599052
3005	0.1518485994	0.2004597082
3006	0.1518405921	0.2004513948
3007	0.1518404993	0.2004512817
3008	0.1518315141	0.2004420129
3009	0.1518295766	0.2004387954
3010	0.1518255523	0.2004337682
3011	0.15182553	0.2004336346
3012	0.1518215785	0.2004278163
3013	0.151813573	0.2004178807
3014	0.151813499	0.2004177505
3015	0.1518134096	0.2004176161
3016	0.151812928	0.2004171041
3017	0.1518104882	0.2004136965
3018	0.1518040383	0.2004072752
3019	0.1518021823	0.2004046493
3020	0.1518009804	0.2004024379
3021	0.1518008887	0.2004022518
3022	0.1518008536	0.2004022034
3023	0.1518007743	0.2004021471
3024	0.1518005263	0.2004018975
3025	0.1518004341	0.2004017855
3026	0.1517964864	0.200397155
3027	0.1517960888	0.2003969236
3028	0.1517905675	0.2003909902
3029	0.1517792197	0.2003787771
3030	0.151779142	0.2003786882
3031	0.151779092	0.2003785609
3032	0.1517757904	0.2003747858
3033	0.1517664983	0.2003650858
3034	0.1517656406	0.2003633574
3035	0.1517509393	0.2003455112
3036	0.1517462417	0.2003406786
3037	0.1517443657	0.2003387945
3038	0.1517398591	0.200333504
3039	0.1517393508	0.200333001
3040	0.1517392551	0.2003328895
3041	0.1517391709	0.2003327563
3042	0.1517392182	0.2003326975
3043	0.1517331048	0.2003257067
3044	0.1517230899	0.2003120137
3045	0.1517205305	0.2003091832
3046	0.151712776	0.2003022179
3047	0.1517127568	0.2003021819
3048	0.1517044804	0.2002916326
3049	0.1517044571	0.2002916
3050	0.1516966556	0.2002829557
3051	0.151691622	0.2002783122
3052	0.1516875984	0.2002733802
3053	0.1516842555	0.2002682913
3054	0.1516719974	0.2002543829
3055	0.151668847	0.200251052
3056	0.1516688244	0.2002509337
3057	0.1516634886	0.2002459867
3058	0.1516599225	0.2002407731
3059	0.1516518157	0.2002296047
3060	0.1516420861	0.2002202724
3061	0.1516305966	0.2002070596
3062	0.1516305424	0.2002069975
3063	0.151630448	0.2002068869
3064	0.1516245202	0.2001985735
3065	0.1516244846	0.2001985304
3066	0.1516244658	0.2001984947
3067	0.1516176404	0.2001912239
3068	0.1516155647	0.200188365
3069	0.1516115049	0.2001832729
3070	0.1516108233	0.2001816183
3071	0.1516081795	0.2001776776
3072	0.1516081611	0.2001776419
3073	0.1516063397	0.2001750565
3074	0.1516061858	0.2001748593
3075	0.1516030609	0.200171025
3076	0.1515928484	0.2001576794
3077	0.1515928235	0.2001576455
3078	0.1515878304	0.2001506374
3079	0.1515833072	0.2001439079
3080	0.1515786378	0.2001366562
3081	0.1515762527	0.2001339125
3082	0.1515762055	0.2001338538
3083	0.1515732537	0.2001302999
3084	0.1515662428	0.20012172
3085	0.1515614554	0.2001149208
3086	0.1515614192	0.2001148734
3087	0.1515604374	0.2001136994
3088	0.1515604005	0.2001136379
3089	0.1515571344	0.2001100028
3090	0.1515569783	0.2001098016
3091	0.1515519225	0.2001029118
3092	0.1515427009	0.2000907953
3093	0.1515373354	0.2000844599
3094	0.1515344268	0.2000803631
3095	0.1515302	0.2000747061
3096	0.1515301159	0.2000746221
3097	0.1515255004	0.2000676138
3098	0.1515254462	0.2000674634
3099	0.1515253838	0.2000673112
3100	0.151519195	0.2000581509
3101	0.1515191598	0.2000581082
3102	0.151514728	0.2000512907
3103	0.1515146614	0.2000512029
3104	0.1515093618	0.2000454378
3105	0.1515045944	0.2000385536
3106	0.1515046512	0.2000384763
3107	0.1515046115	0.2000380998
3108	0.1514978654	0.2000308497
3109	0.1514978259	0.2000308017
3110	0.1514934444	0.2000242248
3111	0.1514934637	0.2000241024
3112	0.1514900906	0.2000206443
3113	0.1514900464	0.2000204873
3114	0.15148998	0.2000204005
3115	0.1514814512	0.2000107583
3116	0.1514813854	0.2000106725
3117	0.1514781656	0.2000058371
3118	0.1514713887	0.199998607
3119	0.1514710578	0.1999982896
3120	0.1514709643	0.199998181
3121	0.1514709381	0.1999981457
3122	0.1514670563	0.1999931043
3123	0.151463125	0.1999879315
3124	0.1514607232	0.1999848474
3125	0.1514606585	0.1999847634
3126	0.1514604444	0.1999843812
3127	0.1514477455	0.1999717205
3128	0.1514477207	0.1999716889
3129	0.1514466526	0.1999704939
3130	0.1514466159	0.1999704477
3131	0.1514465768	0.1999703955
3132	0.1514465267	0.1999703305
3133	0.1514368567	0.1999586904
3134	0.1514367641	0.1999585822
3135	0.1514330395	0.1999536075
3136	0.1514330028	0.1999535615
3137	0.1514329842	0.1999535268
3138	0.1514270893	0.1999461283
3139	0.151427024	0.1999460555
3140	0.1514147619	0.1999330437
3141	0.1514145402	0.199932837
3142	0.1514145797	0.1999327834
3143	0.1514140358	0.1999317044
3144	0.1514139426	0.1999315968
3145	0.1514066909	0.1999209473
3146	0.1514065982	0.19992084
3147	0.15140062	0.1999124923
3148	0.1514003487	0.1999121733
3149	0.1514002742	0.1999120632
3150	0.1513909215	0.199902548
3151	0.1513788687	0.1998897776
3152	0.1513788311	0.1998896829
3153	0.151378795	0.1998896373
3154	0.1513717007	0.1998819714
3155	0.1513716394	0.1998818202
3156	0.1513679471	0.1998783256
3157	0.1513678821	0.1998782594
3158	0.1513631192	0.1998723352
3159	0.1513620123	0.1998707417
3160	0.1513568092	0.1998636436
3161	0.151348431	0.19985372
3162	0.1513473664	0.1998516729
3163	0.1513447376	0.1998484469
3164	0.1513398138	0.1998434676
3165	0.1513342654	0.1998356645
3166	0.151326746	0.1998273532
3167	0.1513242968	0.199824155
3168	0.1513242594	0.1998241006
3169	0.1513202691	0.1998192863
3170	0.1513184277	0.1998168322
3171	0.1513082416	0.1998066067
3172	0.1513066779	0.1998047971
3173	0.151305937	0.1998037982
3174	0.1512994768	0.1997961292
3175	0.1512876875	0.1997848591
3176	0.151283927	0.199780807
3177	0.1512837017	0.1997803974
3178	0.1512833171	0.1997799897
3179	0.1512832663	0.1997799196
3180	0.1512832168	0.1997798445
3181	0.1512831273	0.1997797382
3182	0.1512766796	0.1997722162
3183	0.1512710279	0.1997649162
3184	0.1512675086	0.19976137
3185	0.1512570136	0.1997505598
3186	0.1512552434	0.1997487995
3187	0.1512534662	0.1997468035
3188	0.1512510642	0.1997438097
3189	0.151243726	0.1997372033
3190	0.1512437052	0.1997371726
3191	0.151240014	0.199732766
3192	0.1512400058	0.1997326987
3193	0.1512347001	0.1997281873
3194	0.1512346651	0.1997281316
3195	0.1512318136	0.1997246941
3196	0.1512285556	0.1997209471
3197	0.1512284938	0.1997208653
3198	0.151228478	0.1997208316
3199	0.1512280527	0.199720447
3200	0.1512263955	0.199718764
3201	0.1512208696	0.1997111782
3202	0.1512208737	0.1997111463
3203	0.15122084	0.1997111017
3204	0.1512161843	0.1997045208
3205	0.1512085524	0.1996926167
3206	0.1512085078	0.1996925367
3207	0.1512084186	0.199692431
3208	0.1511984479	0.199679401
3209	0.1511978657	0.1996788638
3210	0.1511977973	0.1996788164
3211	0.1511924273	0.1996718364
3212	0.1511883663	0.1996660637
3213	0.1511883075	0.1996659141
3214	0.1511855192	0.1996610497
3215	0.1511846118	0.1996600908
3216	0.1511812487	0.1996563006
3217	0.1511765039	0.1996498958
3218	0.1511764777	0.1996498549
3219	0.1511745969	0.1996478672
3220	0.151166031	0.1996390536
3221	0.1511659979	0.1996389989
3222	0.15116184	0.1996337941
3223	0.1511618265	0.1996337606
3224	0.1511617979	0.1996337062
3225	0.1511599707	0.1996319672
3226	0.1511496182	0.1996182534
3227	0.1511460519	0.1996131884
3228	0.1511420113	0.1996080002
3229	0.1511381594	0.199603161
3230	0.1511342335	0.1995987089
3231	0.1511340992	0.1995985278
3232	0.1511340648	0.1995984697
3233	0.1511322672	0.1995965962
3234	0.1511235426	0.1995845875
3235	0.1511177458	0.1995790502
3236	0.1511139556	0.1995752207
3237	0.1511120817	0.1995733839
3238	0.1511119942	0.1995732786
3239	0.1511086081	0.1995679492
3240	0.1511036292	0.1995623711
3241	0.1510994038	0.1995577029
3242	0.1510993884	0.1995575736
3243	0.1510993	0.1995574689
3244	0.1510979437	0.1995557201
3245	0.1510933569	0.1995515762
3246	0.1510877283	0.1995456688
3247	0.1510823434	0.1995380709
3248	0.1510822823	0.1995379919
3249	0.1510790574	0.1995338826
3250	0.1510766703	0.1995311497
3251	0.1510767288	0.1995310882
3252	0.1510766402	0.1995309842
3253	0.1510766243	0.199530951
3254	0.1510727773	0.1995269592
3255	0.1510713912	0.1995257035
3256	0.1510713586	0.199525646
3257	0.1510674607	0.1995204414
3258	0.1510613854	0.1995133669
3259	0.1510613357	0.1995132257
3260	0.1510503225	0.1995001297
3261	0.1510501909	0.1995000052
3262	0.1510447764	0.1994925403
3263	0.1510443353	0.1994915517
3264	0.1510443565	0.1994914259
3265	0.1510346707	0.1994769103
3266	0.1510346337	0.1994768791
3267	0.151034597	0.1994768481
3268	0.1510345488	0.199476786
3269	0.151029469	0.1994711395
3270	0.151025137	0.1994666346
3271	0.1510251413	0.1994665989
3272	0.15102053	0.199461268
3273	0.1510152749	0.1994536821
3274	0.1510151469	0.1994535152
3275	0.151010269	0.1994470447
3276	0.1510067868	0.199442685
3277	0.151003875	0.1994386724
3278	0.1510035017	0.1994383039
3279	0.1509935406	0.1994283503
3280	0.1509935068	0.1994283099
3281	0.1509934864	0.1994282116
3282	0.1509934133	0.199428122
3283	0.1509933651	0.1994280603
3284	0.1509905247	0.1994239931
3285	0.1509905113	0.1994239546
3286	0.1509902225	0.1994235251
3287	0.150990167	0.1994234467
3288	0.1509831067	0.1994157191
3289	0.1509784717	0.1994095395
3290	0.1509689571	0.1993972958
3291	0.1509625484	0.1993896526
3292	0.1509577458	0.1993846716
3293	0.1509576497	0.1993844311
3294	0.1509519123	0.1993778197
3295	0.1509484069	0.199373782
3296	0.1509453196	0.199370124
3297	0.1509366612	0.1993623338
3298	0.1509366136	0.1993622725
3299	0.1509311184	0.1993571038
3300	0.1509310971	0.1993570717
3301	0.1509260731	0.199349317
3302	0.1509203929	0.1993435222
3303	0.1509197787	0.199341972
3304	0.1509176575	0.1993394955
3305	0.1509176401	0.199339463
3306	0.1509175294	0.1993393341
3307	0.1509175204	0.1993392441
3308	0.1509174663	0.1993391812
3309	0.1509089892	0.199331468
3310	0.1509087669	0.1993312296
3311	0.1509053385	0.1993279037
3312	0.1509019983	0.1993245365
3313	0.150901909	0.199324434
3314	0.1509018801	0.1993243945
3315	0.1509018189	0.1993243178
3316	0.1509018855	0.1993242553
3317	0.1508925532	0.1993144001
3318	0.1508903987	0.1993115171
3319	0.1508903212	0.1993114035
3320	0.1508874488	0.1993085014
3321	0.1508872928	0.1993082816
3322	0.1508871996	0.1993081165
3323	0.1508777945	0.1992957077
3324	0.1508777576	0.1992956702
3325	0.1508764791	0.1992942444
3326	0.1508764452	0.1992942018
3327	0.150872412	0.1992900348
3328	0.1508723609	0.1992899691
3329	0.1508723132	0.1992899085
3330	0.1508625473	0.1992801833
3331	0.1508594189	0.1992756169
3332	0.1508593589	0.1992755422
3333	0.1508585105	0.199273943
3334	0.1508469098	0.199259982
3335	0.1508468705	0.1992599446
3336	0.1508442338	0.1992572728
3337	0.1508436458	0.1992563376
3338	0.1508434875	0.1992561148
3339	0.1508347879	0.1992460985
3340	0.1508252788	0.1992336576
3341	0.1508194593	0.1992279962
3342	0.1508193451	0.1992273621
3343	0.1508170673	0.1992245776
3344	0.1508170848	0.1992245447
3345	0.1508170489	0.1992244961
3346	0.1508169611	0.1992243947
3347	0.1508116881	0.1992179121
3348	0.1508116399	0.1992178114
3349	0.1508115937	0.1992177514
3350	0.1508115738	0.1992177205
3351	0.150802726	0.1992053677
3352	0.1507967596	0.1991973105
3353	0.1507962694	0.1991963189
3354	0.1507859158	0.1991860998
3355	0.1507823314	0.1991816178
3356	0.1507784968	0.1991760897
3357	0.1507698052	0.1991672454
3358	0.1507616228	0.1991580859
3359	0.1507496292	0.1991455372
3360	0.1507494806	0.1991453573
3361	0.1507438476	0.1991398789
3362	0.1507423617	0.1991376931
3363	0.1507423132	0.1991376334
3364	0.1507381427	0.1991333056
3365	0.1507290396	0.199123853
3366	0.15071851	0.199112822
3367	0.1507134173	0.199107884
3368	0.1507043718	0.1990961533
3369	0.1507043226	0.1990960938
3370	0.1507018284	0.1990935842
3371	0.150694768	0.1990841709
3372	0.1506905029	0.1990800998
3373	0.1506837592	0.1990729354
3374	0.1506837499	0.1990728433
3375	0.1506797775	0.1990681516
3376	0.1506767473	0.1990650886
3377	0.1506747101	0.1990630219
3378	0.1506710756	0.1990587608
3379	0.1506709857	0.1990586602
3380	0.1506644015	0.1990504696
3381	0.1506641145	0.1990498847
3382	0.150658652	0.1990440621
3383	0.1506586118	0.1990440254
3384	0.1506585957	0.1990439765
3385	0.1506544997	0.199039437
3386	0.1506544997	0.1990394273
3387	0.1506488053	0.1990337664
3388	0.150642821	0.1990273911
3389	0.1506380676	0.1990223825
3390	0.1506380477	0.199022324
3391	0.150637955	0.1990221462
3392	0.1506378925	0.1990220754
3393	0.1506325616	0.1990160969
3394	0.1506307564	0.1990135529
3395	0.1506255062	0.1990087707
3396	0.1506254436	0.1990087005
3397	0.1506253525	0.1990086006
3398	0.1506206123	0.1990037335
3399	0.1506135255	0.1989969812
3400	0.1506134865	0.1989969446
3401	0.1506111697	0.198994055
3402	0.1506068491	0.1989875626
3403	0.1505980682	0.1989785163
3404	0.1505926116	0.1989716522
3405	0.1505885749	0.1989661196
3406	0.1505867402	0.1989643656
3407	0.1505867055	0.1989642267
3408	0.1505789383	0.1989558455
3409	0.1505768485	0.1989527956
3410	0.1505714919	0.198944614
3411	0.1505708903	0.1989436952
3412	0.1505708671	0.1989436666
3413	0.1505655645	0.19893725
3414	0.1505621672	0.1989330282
3415	0.1505621336	0.1989329868
3416	0.1505612974	0.1989312527
3417	0.1505540613	0.1989232568
3418	0.1505540021	0.1989231873
3419	0.1505515106	0.1989204027
3420	0.1505470007	0.1989149076
3421	0.1505387594	0.1989065775
3422	0.150538146	0.1989055166
3423	0.1505373264	0.1989038129
3424	0.1505335136	0.1988987117
3425	0.1505295986	0.1988951955
3426	0.1505295114	0.1988950965
3427	0.1505261461	0.1988902925
3428	0.1505261232	0.1988902639
3429	0.1505228527	0.1988859655
3430	0.1505181361	0.1988808459
3431	0.1505180826	0.1988807714
3432	0.1505180471	0.1988807207
3433	0.1505145772	0.1988766192
3434	0.1505145611	0.198876588
3435	0.1505106091	0.1988715885
3436	0.1505057059	0.1988661216
3437	0.1505055726	0.1988659499
3438	0.1504944845	0.1988551436
3439	0.1504944311	0.1988550775
3440	0.1504887979	0.1988485045
3441	0.1504796867	0.198840611
3442	0.1504795432	0.1988404266
3443	0.1504709712	0.1988285178
3444	0.1504676192	0.198824168
3445	0.1504668167	0.1988224896
3446	0.1504629448	0.1988183847
3447	0.1504590998	0.19881402
3448	0.1504589937	0.1988139
3449	0.1504572323	0.1988114226
3450	0.1504535092	0.1988070659
3451	0.1504534748	0.1988070187
3452	0.1504514522	0.1988039039
3453	0.1504510956	0.1988035971
3454	0.1504494361	0.1988014129
3455	0.150443681	0.1987940276
3456	0.1504409014	0.1987913624
3457	0.150440817	0.1987912645
3458	0.1504343656	0.1987845869
3459	0.1504343322	0.1987845512
3460	0.1504342347	0.1987844163
3461	0.1504283646	0.198777876
3462	0.1504283448	0.1987778479
3463	0.1504265399	0.1987752907
3464	0.1504253486	0.198773765
3465	0.1504191081	0.1987676176
3466	0.1504171575	0.1987650768
3467	0.1504167041	0.1987644956
3468	0.1504166422	0.1987644064
3469	0.1504143407	0.1987615126
3470	0.1504143651	0.19876148
3471	0.1504143495	0.1987614492
3472	0.1504142394	0.198761349
3473	0.1504142048	0.1987613009
3474	0.150414103	0.1987611699
3475	0.1504087746	0.1987563293
3476	0.1504031443	0.1987502432
3477	0.1504014887	0.1987482846
3478	0.1504014593	0.1987482424
3479	0.1504013346	0.1987477964
3480	0.1504013194	0.1987477658
3481	0.1504003514	0.1987463031
3482	0.1503967009	0.198742185
3483	0.1503966363	0.1987421151
3484	0.1503965591	0.1987420419
3485	0.1503922162	0.1987361333
3486	0.1503901626	0.1987330687
3487	0.1503878327	0.1987305028
3488	0.1503826189	0.1987242324
3489	0.1503825344	0.1987241355
3490	0.1503736089	0.1987148401
3491	0.1503701324	0.1987096879
3492	0.1503675153	0.1987057935
3493	0.1503672279	0.1987054945
3494	0.1503639968	0.1987016041
3495	0.1503639636	0.198701551
3496	0.1503593686	0.1986968739
3497	0.1503564612	0.1986931188
3498	0.1503549831	0.198691322
3499	0.1503548425	0.1986911411
3500	0.1503396989	0.1986758484
3501	0.1503396575	0.1986757764
3502	0.1503344423	0.1986687083
3503	0.1503344275	0.1986686702
3504	0.150330464	0.1986646067
3505	0.1503279733	0.1986610074
3506	0.1503225331	0.1986566082
3507	0.1503224895	0.1986565514
3508	0.1503186833	0.1986526729
3509	0.1503186473	0.1986525723
3510	0.1503186337	0.1986525164
3511	0.1503170158	0.1986506527
3512	0.1503169971	0.1986505715
3513	0.1503169795	0.1986505442
3514	0.1503168953	0.1986504479
3515	0.1503163421	0.1986493824
3516	0.1503068716	0.1986394435
3517	0.1503068503	0.1986394148
3518	0.1503038578	0.1986358003
3519	0.1503035859	0.1986355501
3520	0.1502985827	0.1986293478
3521	0.1502985481	0.1986293019
3522	0.1502926834	0.1986216375
3523	0.1502805953	0.1986076921
3524	0.1502750554	0.1986002225
3525	0.150275	0.1986001563
3526	0.1502743713	0.1985990399
3527	0.1502698095	0.1985940447
3528	0.1502696678	0.1985938357
3529	0.1502673542	0.1985913701
3530	0.1502673285	0.1985913184
3531	0.1502672451	0.1985912224
3532	0.1502672119	0.1985911879
3533	0.1502659399	0.1985891429
3534	0.1502632968	0.1985864382
3535	0.1502522573	0.1985753501
3536	0.15024116	0.1985632515
3537	0.1502411053	0.198563186
3538	0.1502348024	0.1985545007
3539	0.1502313774	0.1985499901
3540	0.1502312749	0.1985497073
3541	0.1502312199	0.1985496635
3542	0.1502270721	0.1985452266
3543	0.1502237071	0.1985414255
3544	0.1502236822	0.1985413786
3545	0.1502236401	0.1985413337
3546	0.1502235072	0.1985410759
3547	0.1502214853	0.1985388277
3548	0.1502148824	0.1985332022
3549	0.1502051198	0.1985236384
3550	0.1502050666	0.1985235737
3551	0.1502050243	0.1985235179
3552	0.1501946332	0.1985117974
3553	0.1501883345	0.1985058203
3554	0.1501755825	0.198492553
3555	0.1501755002	0.1984924575
3556	0.1501687818	0.1984837608
3557	0.1501629168	0.1984773445
3558	0.150162907	0.1984773091
3559	0.150162875	0.1984772616
3560	0.1501507964	0.1984653399
3561	0.1501494578	0.1984633471
3562	0.15014937	0.198463101
3563	0.1501493094	0.1984630189
3564	0.1501492768	0.1984629738
3565	0.1501408928	0.1984514457
3566	0.1501387128	0.1984486051
3567	0.1501310814	0.1984418948
3568	0.1501292296	0.1984394712
3569	0.1501292149	0.1984394417
3570	0.1501225884	0.1984306162
3571	0.1501182064	0.1984240722
3572	0.1501181583	0.1984240122
3573	0.1501180243	0.1984238403
3574	0.1501106242	0.1984159512
3575	0.1501105916	0.1984159063
3576	0.1501105771	0.1984158691
3577	0.1501032415	0.1984088911
3578	0.1500947327	0.1984004279
3579	0.1500847718	0.1983907788
3580	0.1500840595	0.1983902399
3581	0.1500790583	0.1983839561
3582	0.1500789767	0.1983838615
3583	0.150073036	0.1983769005
3584	0.1500725043	0.1983758305
3585	0.1500724233	0.1983757362
3586	0.1500636588	0.1983648367
3587	0.1500592694	0.1983606674
3588	0.1500590921	0.1983604236
3589	0.1500590797	0.1983603968
3590	0.1500590385	0.198360342
3591	0.1500495456	0.1983506443
3592	0.1500445187	0.1983456695
3593	0.1500437436	0.1983441383
3594	0.1500412956	0.1983406963
3595	0.150036607	0.1983355807
3596	0.1500338809	0.1983307197
3597	0.1500328285	0.1983283932
3598	0.1500325818	0.1983279996
3599	0.150029047	0.1983237704
3600	0.1500253075	0.1983192639
3601	0.1500204274	0.1983123054
3602	0.1500173268	0.1983074716
3603	0.1500144957	0.1983048133
3604	0.1500035732	0.1982919916
3605	0.1500022375	0.1982898175
3606	0.1500012367	0.1982875355
3607	0.150001218	0.1982875091
3608	0.1500011883	0.1982874711
3609	0.1500010653	0.1982873273
3610	0.1499958363	0.1982826073
3611	0.1499958139	0.1982825808
3612	0.1499956716	0.1982823954
3613	0.1499955233	0.1982821198
3614	0.1499922539	0.1982782086
3615	0.14998609	0.1982709422
3616	0.1499799023	0.1982638801
3617	0.1499654461	0.1982482695
3618	0.1499569687	0.198240288
3619	0.1499489348	0.1982325329
3620	0.1499488727	0.1982324678
3621	0.1499441164	0.1982255485
3622	0.1499340878	0.1982126899
3623	0.1499340062	0.1982125209
3624	0.1499300551	0.1982068859
3625	0.1499251535	0.1981998746
3626	0.1499235754	0.1981979309
3627	0.1499224223	0.1981959377
3628	0.1499158787	0.1981885303
3629	0.1499157054	0.1981883456
3630	0.1499156722	0.1981882986
3631	0.1499125232	0.1981837247
3632	0.1499091216	0.1981805482
3633	0.1499005358	0.198170059
3634	0.1499001106	0.1981687864
3635	0.1499000266	0.1981686274
3636	0.1498996708	0.1981682652
3637	0.1498885767	0.1981550093
3638	0.1498826244	0.1981471014
3639	0.1498825969	0.1981470661
3640	0.149881618	0.1981448252
3641	0.149876295	0.1981380043
3642	0.1498737913	0.198134556
3643	0.1498717717	0.1981314961
3644	0.149864006	0.1981233339
3645	0.1498638155	0.1981229066
3646	0.1498593518	0.1981175118
3647	0.1498560328	0.1981130591
3648	0.1498559355	0.1981128791
3649	0.1498558789	0.1981128166
3650	0.1498508366	0.1981066253
3651	0.1498462005	0.1981007527
3652	0.1498443122	0.1980994518
3653	0.1498441816	0.1980991785
3654	0.1498441468	0.1980991287
3655	0.1498441237	0.1980991028
3656	0.1498440373	0.1980990097
3657	0.1498412922	0.1980948851
3658	0.149836131	0.1980883451
3659	0.1498360693	0.1980882561
3660	0.1498351713	0.1980866614
3661	0.1498316821	0.1980818648
3662	0.1498264317	0.1980749823
3663	0.1498239202	0.1980709751
3664	0.1498214833	0.1980672703
3665	0.1498193013	0.1980650453
3666	0.1498188969	0.1980646913
3667	0.1498187814	0.1980644701
3668	0.1498132262	0.1980578519
3669	0.1498131279	0.1980576595
3670	0.1498100419	0.1980532178
3671	0.1498092909	0.1980524953
3672	0.1498066245	0.1980481148
3673	0.1498066042	0.1980480784
3674	0.1498065847	0.19804805
3675	0.1498050738	0.1980455045
3676	0.1498023673	0.1980420105
3677	0.1498022754	0.1980419038
3678	0.1497999015	0.198038271
3679	0.149795251	0.1980324071
3680	0.149795222	0.1980323723
3681	0.1497951707	0.1980323122
3682	0.1497951528	0.1980322839
3683	0.1497904287	0.1980272094
3684	0.1497904206	0.1980272
3685	0.1497858197	0.1980208719
3686	0.1497828107	0.1980179173
3687	0.1497826417	0.1980177484
3688	0.1497824103	0.1980174675
3689	0.1497716327	0.1980057118
3690	0.149768925	0.1980018417
3691	0.1497627454	0.1979945705
3692	0.1497624833	0.1979943594
3693	0.1497624774	0.1979942972
3694	0.149762441	0.1979942531
3695	0.1497581494	0.1979887037
3696	0.1497503898	0.1979795568
3697	0.1497475984	0.1979759414
3698	0.1497475472	0.1979758816
3699	0.1497439001	0.1979710942
3700	0.149739414	0.1979666761
3701	0.1497375771	0.1979644144
3702	0.1497361032	0.1979632977
3703	0.1497358965	0.1979629535
3704	0.1497358734	0.1979629264
3705	0.1497357346	0.1979627236
3706	0.1497331145	0.1979598387
3707	0.1497326978	0.1979589546
3708	0.1497276273	0.1979527777
3709	0.1497276083	0.1979527418
3710	0.1497247383	0.1979486955
3711	0.14971705	0.1979412192
3712	0.1497169862	0.197941156
3713	0.14971425	0.1979386886
3714	0.1497117737	0.1979355405
3715	0.149709286	0.1979321145
3716	0.149709186	0.1979320295
3717	0.1497055749	0.1979277431
3718	0.1497000811	0.1979218966
3719	0.1496999948	0.1979217615
3720	0.1496951181	0.197913215
3721	0.1496950633	0.1979131552
3722	0.1496950507	0.1979131214
3723	0.1496950366	0.197913068
3724	0.1496950241	0.1979130343
3725	0.1496949024	0.1979127338
3726	0.1496947914	0.1979125392
3727	0.1496901199	0.1979082092
3728	0.149688687	0.1979069653
3729	0.1496811195	0.197899632
3730	0.1496811029	0.1978996042
3731	0.149681033	0.1978994096
3732	0.1496805519	0.1978987936
3733	0.1496774064	0.1978950811
3734	0.1496749489	0.1978918221
3735	0.1496749253	0.1978917967
3736	0.1496701502	0.1978845779
3737	0.1496674741	0.1978822357
3738	0.1496643203	0.1978779301
3739	0.1496575713	0.1978711248
3740	0.149656282	0.1978701041
3741	0.1496559778	0.197869825
3742	0.1496559549	0.1978697984
3743	0.149655099	0.1978682421
3744	0.1496550354	0.1978681451
3745	0.1496549991	0.1978681016
3746	0.1496518607	0.1978637219
3747	0.149651241	0.1978629031
3748	0.1496450409	0.1978565562
3749	0.1496426987	0.1978531394
3750	0.1496380691	0.1978475419
3751	0.1496379832	0.1978474387
3752	0.1496379234	0.1978473031
3753	0.1496378939	0.1978472726
3754	0.1496356275	0.1978436621
3755	0.1496301663	0.1978376634
3756	0.1496234916	0.1978318461
3757	0.1496233895	0.1978317717
3758	0.1496203864	0.1978274389
3759	0.1496177693	0.19782392
3760	0.1496176721	0.1978237195
3761	0.149613582	0.1978192526
3762	0.149609902	0.1978151182
3763	0.1496070662	0.1978128174
3764	0.1496048741	0.1978085201
3765	0.1495993886	0.1978024677
3766	0.1495992945	0.1978023697
3767	0.1495991849	0.1978021647
3768	0.149598008	0.1978000372
3769	0.149597968	0.1977999882
3770	0.1495922917	0.1977923315
3771	0.1495922549	0.1977922883
3772	0.1495831623	0.1977827069
3773	0.1495733398	0.197772075
3774	0.1495720451	0.1977706692
3775	0.149571959	0.1977705793
3776	0.149571943	0.1977705267
3777	0.1495672005	0.197765005
3778	0.1495605278	0.197756321
3779	0.1495553701	0.1977494325
3780	0.1495492106	0.1977429563
3781	0.1495420766	0.1977352986
3782	0.1495354801	0.1977282891
3783	0.1495353945	0.1977281997
3784	0.1495353435	0.1977281469
3785	0.1495287551	0.1977214861
3786	0.1495220977	0.1977150359
3787	0.149521062	0.1977140549
3788	0.149519572	0.1977126146
3789	0.1495190253	0.1977118543
3790	0.149516387	0.1977086466
3791	0.1495162885	0.1977083546
3792	0.1495118875	0.1977027176
3793	0.1495116507	0.1977024439
3794	0.1495079542	0.1976976438
3795	0.1495071319	0.1976957938
3796	0.1495070459	0.1976957049
3797	0.1495066987	0.1976950514
3798	0.1495029567	0.1976890326
3799	0.1495025653	0.1976886825
3800	0.1495012856	0.1976873449
3801	0.1495012732	0.1976873245
3802	0.1495012359	0.1976872818
3803	0.14949832	0.1976833302
3804	0.1494928247	0.1976784771
3805	0.1494927869	0.1976784345
3806	0.1494927626	0.1976784097
3807	0.1494927286	0.1976783679
3808	0.149482364	0.1976651723
3809	0.1494793311	0.1976619935
3810	0.1494711773	0.1976543798
3811	0.1494661085	0.197647419
3812	0.1494658466	0.1976470683
3813	0.1494657332	0.1976469612
3814	0.1494587435	0.1976388857
3815	0.1494568072	0.1976368562
3816	0.1494567945	0.1976368233
3817	0.1494567768	0.1976367886
3818	0.1494567325	0.1976367351
3819	0.1494521901	0.1976313961
3820	0.1494485723	0.1976269684
3821	0.1494420623	0.1976193687
3822	0.149442041	0.1976193441
3823	0.1494385677	0.1976140529
3824	0.1494384664	0.1976139812
3825	0.1494384272	0.1976139411
3826	0.1494383975	0.197613897
3827	0.1494337479	0.1976076046
3828	0.1494328179	0.1976060685
3829	0.149432791	0.1976060239
3830	0.1494289347	0.1976021928
3831	0.1494234639	0.1975959258
3832	0.1494232681	0.1975957371
3833	0.1494189148	0.1975903754
3834	0.1494069802	0.1975785484
3835	0.1494069587	0.1975785239
3836	0.1494057274	0.197577479
3837	0.1494056931	0.1975774372
3838	0.1494045438	0.1975761303
3839	0.1493937884	0.19756506
3840	0.149393691	0.1975648638
3841	0.1493885044	0.1975592093
3842	0.1493884697	0.1975591677
3843	0.1493863604	0.1975564211
3844	0.1493819778	0.1975530606
3845	0.1493787649	0.1975493772
3846	0.1493728584	0.1975434132
3847	0.1493728067	0.1975433593
3848	0.1493626764	0.1975304324
3849	0.1493612613	0.1975286504
3850	0.1493609152	0.1975283641
3851	0.1493538323	0.1975202281
3852	0.1493515013	0.1975174812
3853	0.1493503478	0.1975163255
3854	0.1493467127	0.1975124737
3855	0.1493466843	0.1975123381
3856	0.149337517	0.1975003405
3857	0.1493312783	0.1974933128
3858	0.149331243	0.1974932716
3859	0.1493291081	0.1974908748
3860	0.149323632	0.1974847007
3861	0.1493120119	0.1974705872
3862	0.1493119888	0.1974705543
3863	0.1493034759	0.1974621799
3864	0.1493035431	0.1974616637
3865	0.1493026534	0.1974594949
3866	0.1492963671	0.197453532
3867	0.149284305	0.197438537
3868	0.1492822338	0.1974363924
3869	0.1492814636	0.1974354538
3870	0.1492754053	0.197426653
3871	0.1492753631	0.1974266016
3872	0.1492753427	0.1974265726
3873	0.1492721112	0.1974221284
3874	0.1492666382	0.1974171078
3875	0.1492665712	0.1974169353
3876	0.1492622949	0.1974112168
3877	0.1492622436	0.1974110368
3878	0.1492582696	0.197405786
3879	0.1492582529	0.1974057522
3880	0.1492577645	0.197404671
3881	0.1492577216	0.1974046212
3882	0.1492573374	0.1974042662
3883	0.1492573042	0.1974042254
3884	0.1492572712	0.1974041847
3885	0.149250698	0.1973947967
3886	0.1492466741	0.1973902486
3887	0.1492464383	0.1973899478
3888	0.1492464059	0.1973899072
3889	0.1492441416	0.1973861572
3890	0.1492440998	0.1973861079
3891	0.1492440582	0.1973860588
3892	0.1492440282	0.1973860133
3893	0.1492439956	0.1973859826
3894	0.1492405014	0.1973815497
3895	0.1492404297	0.1973814186
3896	0.1492398024	0.1973802578
3897	0.149239858	0.197380221
3898	0.1492377564	0.1973769137
3899	0.1492339276	0.1973723799
3900	0.1492338964	0.1973723346
3901	0.149230092	0.1973678271
3902	0.1492255135	0.1973616212
3903	0.1492254598	0.1973613842
3904	0.1492193692	0.1973533888
3905	0.1492193413	0.1973533373
3906	0.1492190231	0.1973525651
3907	0.149214727	0.1973469756
3908	0.1492146934	0.1973469356
3909	0.1492042784	0.1973362362
3910	0.1492042444	0.1973361963
3911	0.1492042232	0.1973361727
3912	0.1492040518	0.1973357178
3913	0.149204027	0.1973356818
3914	0.1492022102	0.1973329749
3915	0.1492021206	0.1973328578
3916	0.149201811	0.1973324614
3917	0.1491985707	0.1973294297
3918	0.1491985269	0.197329199
3919	0.149196399	0.1973267437
3920	0.1491963951	0.1973267369
3921	0.1491890332	0.1973197902
3922	0.1491893524	0.1973195297
3923	0.149186891	0.1973166105
3924	0.1491861496	0.1973157683
3925	0.1491861066	0.19731572
3926	0.1491783187	0.197308241
3927	0.1491755879	0.1973036323
3928	0.1491743955	0.1973019339
3929	0.149170476	0.1972974543
3930	0.1491704548	0.1972974263
3931	0.1491669254	0.1972916524
3932	0.1491651037	0.1972890825
3933	0.1491650026	0.1972889764
3934	0.1491635207	0.1972868685
3935	0.1491583733	0.1972805122
3936	0.1491583197	0.1972803255
3937	0.1491582773	0.1972802778
3938	0.1491580074	0.197279797
3939	0.1491579744	0.197279758
3940	0.1491540896	0.1972752132
3941	0.1491533612	0.1972743846
3942	0.149153304	0.1972743133
3943	0.1491480897	0.1972683829
3944	0.1491445775	0.1972639861
3945	0.1491431411	0.1972615838
3946	0.1491354805	0.1972541355
3947	0.1491310586	0.1972491418
3948	0.1491309077	0.1972489036
3949	0.1491268752	0.1972449233
3950	0.1491238977	0.1972409632
3951	0.149123894	0.1972409564
3952	0.1491216617	0.1972373253
3953	0.1491208605	0.1972357768
3954	0.1491110055	0.1972227649
3955	0.1491081434	0.1972193756
3956	0.1491041241	0.1972139706
3957	0.149098092	0.1972074555
3958	0.1490926504	0.1972010472
3959	0.1490924495	0.1972007854
3960	0.1490923339	0.1972004009
3961	0.149092286	0.1972003462
3962	0.1490859642	0.1971954204
3963	0.1490845117	0.1971933482
3964	0.1490842526	0.1971930983
3965	0.149084221	0.1971930598
3966	0.1490820364	0.1971895698
3967	0.1490819779	0.1971895132
3968	0.1490789606	0.1971854851
3969	0.1490789358	0.1971854224
3970	0.1490746505	0.1971809424
3971	0.149074611	0.197180907
3972	0.1490682157	0.197174362
3973	0.14906496	0.1971699833
3974	0.1490612177	0.1971649569
3975	0.1490581171	0.1971609313
3976	0.1490580858	0.1971608929
3977	0.1490573097	0.1971599778
3978	0.1490533992	0.1971560227
3979	0.1490494229	0.1971513173
3980	0.1490399529	0.1971400285
3981	0.1490357377	0.1971357939
3982	0.1490356977	0.1971357473
3983	0.1490355788	0.197135592
3984	0.1490315044	0.197131124
3985	0.1490287269	0.1971272103
3986	0.1490286958	0.1971271722
3987	0.1490195139	0.1971177344
3988	0.1490166692	0.1971134564
3989	0.1490166652	0.1971134497
3990	0.1490160922	0.1971130756
3991	0.1490158973	0.1971128374
3992	0.1490137766	0.1971094559
3993	0.1490094535	0.1971045279
3994	0.1490094324	0.197104505
3995	0.1490033269	0.1970977547
3996	0.1489984784	0.1970911119
3997	0.1489928007	0.1970844628
3998	0.1489877895	0.1970796204
3999	0.1489872065	0.1970788923
4000	0.1489871887	0.1970787406
4001	0.1489872025	0.197078694
4002	0.1489872071	0.1970786693
4003	0.1489871684	0.1970786215
4004	0.1489783671	0.1970692308
4005	0.1489713506	0.1970631813
4006	0.1489713069	0.1970631236
4007	0.148971284	0.1970630847
4008	0.1489685945	0.197059159
4009	0.1489685662	0.1970591097
4010	0.148968483	0.1970590249
4011	0.1489610716	0.1970501842
4012	0.1489610488	0.1970501572
4013	0.1489608565	0.1970499638
4014	0.1489567801	0.197045684
4015	0.1489565105	0.1970449529
4016	0.1489563618	0.1970447066
4017	0.1489541067	0.1970414384
4018	0.1489541027	0.1970413372
4019	0.1489503173	0.1970356466
4020	0.1489462644	0.1970300959
4021	0.148945988	0.1970296433
4022	0.1489416954	0.1970253078
4023	0.1489378559	0.1970206876
4024	0.1489337169	0.1970155757
4025	0.1489293231	0.197010047
4026	0.148925579	0.1970046378
4027	0.1489255444	0.1970046002
4028	0.1489201963	0.1969976051
4029	0.1489170479	0.1969933103
4030	0.1489027222	0.1969772967
4031	0.1489027245	0.1969772726
4032	0.148893145	0.196968123
4033	0.148890317	0.1969639095
4034	0.148886367	0.1969590004
4035	0.1488863422	0.1969589738
4036	0.1488862764	0.1969588053
4037	0.1488862435	0.1969587748
4038	0.1488862189	0.1969587482
4039	0.1488810938	0.1969530634
4040	0.1488802774	0.1969515891
4041	0.1488782355	0.1969490463
4042	0.1488777222	0.1969481163
4043	0.1488755078	0.1969452324
4044	0.1488750691	0.1969445839
4045	0.1488750512	0.1969444753
4046	0.1488749559	0.1969442957
4047	0.1488749208	0.1969442547
4048	0.1488748561	0.1969440206
4049	0.1488738237	0.1969425561
4050	0.1488706528	0.1969377304
4051	0.148866702	0.1969333695
4052	0.148866678	0.1969333433
4053	0.1488666211	0.1969332103
4054	0.1488666068	0.1969331804
4055	0.1488665718	0.1969331434
4056	0.1488647574	0.1969298803
4057	0.1488646074	0.1969295701
4058	0.1488646001	0.1969295635
4059	0.1488612873	0.1969257623
4060	0.1488612524	0.1969257255
4061	0.1488611563	0.196925627
4062	0.1488570626	0.1969205142
4063	0.1488567828	0.196919976
4064	0.1488553817	0.196917397
4065	0.14885126	0.1969120598
4066	0.1488512531	0.1969120533
4067	0.1488488443	0.1969096582
4068	0.1488488018	0.1969096014
4069	0.1488487528	0.1969095528
4070	0.1488487296	0.1969094178
4071	0.1488487065	0.1969092831
4072	0.1488428741	0.1969027453
4073	0.1488396011	0.1968990048
4074	0.1488395171	0.196898921
4075	0.1488342403	0.1968917697
4076	0.14883019	0.1968863617
4077	0.1488248583	0.1968798419
4078	0.1488248036	0.196879658
4079	0.1488244585	0.1968793448
4080	0.1488224501	0.196877432
4081	0.1488223739	0.1968772525
4082	0.1488165767	0.1968694652
4083	0.1488165658	0.196869408
4084	0.148813979	0.1968660889
4085	0.1488110168	0.1968618485
4086	0.1488071915	0.1968575805
4087	0.1488043313	0.1968525734
4088	0.1487991367	0.19684769
4089	0.1487991239	0.1968476763
4090	0.1487988582	0.1968474336
4091	0.1487976803	0.1968457005
4092	0.148797578	0.1968455187
4093	0.1487960509	0.1968433381
4094	0.1487877642	0.1968356524
4095	0.1487877528	0.196835633
4096	0.1487838447	0.1968317592
4097	0.1487838211	0.1968317334
4098	0.1487802329	0.1968269053
4099	0.1487759501	0.1968214296
4100	0.1487731748	0.1968184389
4101	0.1487718061	0.1968167522
4102	0.1487637465	0.1968075143
4103	0.14875717	0.1967985489
4104	0.1487571604	0.1967984919
4105	0.1487483965	0.1967895112
4106	0.1487483739	0.1967894893
4107	0.1487461852	0.196787609
4108	0.1487461015	0.1967875255
4109	0.1487460399	0.1967874299
4110	0.1487409963	0.1967831739
4111	0.1487364194	0.1967772435
4112	0.148736324	0.1967771457
4113	0.1487363098	0.1967770283
4114	0.1487362746	0.1967769999
4115	0.1487362396	0.1967769716
4116	0.1487312894	0.1967728826
4117	0.1487229382	0.1967646077
4118	0.1487193887	0.1967613002
4119	0.1487159525	0.1967573878
4120	0.1487079976	0.1967495021
4121	0.1487053515	0.1967456764
4122	0.1487043218	0.1967442402
4123	0.1486973314	0.1967377073
4124	0.1486895358	0.1967308554
4125	0.1486895048	0.1967308259
4126	0.1486894565	0.1967307905
4127	0.1486894136	0.1967307356
4128	0.1486801563	0.19672165
4129	0.1486798307	0.1967207594
4130	0.1486755154	0.1967162623
4131	0.1486754627	0.1967162039
4132	0.1486727334	0.1967127701
4133	0.1486725329	0.1967125392
4134	0.1486724253	0.1967124237
4135	0.148672382	0.196712388
4136	0.1486723527	0.1967123559
4137	0.1486723192	0.1967123196
4138	0.1486720171	0.1967115531
4139	0.1486670415	0.1967054369
4140	0.1486619924	0.1966998158
4141	0.148661936	0.1966997785
4142	0.1486580208	0.1966950453
4143	0.1486487661	0.1966862895
4144	0.1486467653	0.1966834456
4145	0.1486424684	0.1966781923
4146	0.1486402836	0.1966750345
4147	0.1486402669	0.1966749277
4148	0.1486371152	0.1966703752
4149	0.1486371093	0.1966703688
4150	0.1486370591	0.1966701421
4151	0.1486343156	0.1966653419
4152	0.1486343027	0.1966652951
4153	0.1486248728	0.1966533378
4154	0.1486205196	0.1966493866
4155	0.148618573	0.1966469122
4156	0.1486185399	0.1966467788
4157	0.1486181547	0.1966459476
4158	0.1486157185	0.1966421774
4159	0.1486156797	0.1966421384
4160	0.1486137974	0.1966393371
4161	0.1486118396	0.1966369214
4162	0.1486118374	0.1966369131
4163	0.1486099491	0.1966346689
4164	0.1486098432	0.1966343951
4165	0.1486022689	0.1966253735
4166	0.1486016674	0.1966244115
4167	0.1485980362	0.1966201603
4168	0.1485979826	0.1966201062
4169	0.1485896866	0.1966111582
4170	0.1485896517	0.1966111305
4171	0.1485883713	0.1966087968
4172	0.1485840683	0.1966021822
4173	0.1485840757	0.1966021245
4174	0.1485840447	0.1966019812
4175	0.1485803521	0.1965975496
4176	0.1485802186	0.1965973512
4177	0.1485801813	0.1965971317
4178	0.1485801744	0.1965971253
4179	0.1485765385	0.1965919925
4180	0.1485765034	0.1965919648
4181	0.1485761914	0.1965916655
4182	0.1485662606	0.1965834991
4183	0.1485661022	0.1965831492
4184	0.1485609172	0.196576026
4185	0.148560895	0.1965760012
4186	0.148557184	0.1965719942
4187	0.1485571502	0.1965719667
4188	0.1485571078	0.1965718111
4189	0.1485568339	0.196571256
4190	0.1485557463	0.1965701246
4191	0.1485533891	0.1965673681
4192	0.1485489738	0.1965623816
4193	0.1485445872	0.1965575368
4194	0.1485408206	0.1965535094
4195	0.148531991	0.196543731
4196	0.1485289757	0.1965404596
4197	0.1485289686	0.1965404532
4198	0.1485283522	0.1965395832
4199	0.1485277695	0.1965386972
4200	0.1485252655	0.1965358542
4201	0.1485227055	0.1965333542
4202	0.1485177877	0.196527836
4203	0.1485167871	0.1965263448
4204	0.1485166447	0.1965261893
4205	0.148513379	0.1965223126
4206	0.1485132417	0.196522194
4207	0.1485084922	0.196516809
4208	0.1485084683	0.1965167868
4209	0.1484986183	0.196507187
4210	0.1484970722	0.1965052675
4211	0.1484951587	0.1965026065
4212	0.1484944382	0.1965018099
4213	0.1484916307	0.1964977706
4214	0.1484835246	0.1964879537
4215	0.1484719944	0.1964769051
4216	0.1484681469	0.1964724412
4217	0.1484681244	0.1964724139
4218	0.1484680031	0.1964721935
4219	0.1484658943	0.1964696496
4220	0.1484622518	0.1964657214
4221	0.148461169	0.1964643482
4222	0.1484611554	0.1964643018
4223	0.1484596718	0.19646203
4224	0.1484596343	0.1964618123
4225	0.1484596115	0.1964617876
4226	0.1484591851	0.1964612098
4227	0.1484581492	0.196459079
4228	0.148457703	0.1964585418
4229	0.1484520981	0.196452763
4230	0.1484519855	0.1964526429
4231	0.148450916	0.1964509832
4232	0.148443398	0.1964417441
4233	0.1484381556	0.1964353958
4234	0.1484378873	0.1964351209
4235	0.1484369118	0.1964334184
4236	0.1484352133	0.1964302323
4237	0.1484347497	0.1964296275
4238	0.1484209516	0.1964142532
4239	0.1484190057	0.1964115585
4240	0.1484144449	0.1964073614
4241	0.1484127605	0.1964043653
4242	0.1484126385	0.1964042307
4243	0.1484124593	0.1964040565
4244	0.1484123715	0.1964039657
4245	0.1484122893	0.1964038219
4246	0.1484122721	0.1964036814
4247	0.1484120117	0.1964034484
4248	0.1484120042	0.1964034421
4249	0.1484107671	0.1964017777
4250	0.148410481	0.1964014282
4251	0.1484076414	0.1963977379
4252	0.1484011788	0.1963912317
4253	0.1484011366	0.1963911899
4254	0.1484010615	0.1963910089
4255	0.1483998204	0.1963884656
4256	0.1483962239	0.1963829948
4257	0.148396202	0.1963829684
4258	0.1483961747	0.1963829302
4259	0.1483937682	0.1963797097
4260	0.1483930692	0.1963790787
4261	0.1483873335	0.1963738839
4262	0.148383558	0.1963692943
4263	0.1483799219	0.1963645675
4264	0.1483785817	0.1963625313
4265	0.1483785593	0.196362507
4266	0.1483784614	0.1963623383
4267	0.1483746287	0.1963582599
4268	0.148372382	0.1963559507
4269	0.1483718691	0.1963551007
4270	0.1483718474	0.1963550766
4271	0.1483698663	0.1963516019
4272	0.1483692406	0.196351023
4273	0.1483691033	0.1963508508
4274	0.1483690823	0.1963508073
4275	0.1483680145	0.1963492432
4276	0.1483679689	0.1963491834
4277	0.1483665289	0.1963470825
4278	0.1483636801	0.1963434755
4279	0.1483598988	0.196339934
4280	0.1483562998	0.1963348392
4281	0.1483515809	0.1963295682
4282	0.1483490977	0.1963264427
4283	0.1483475319	0.1963240657
4284	0.1483415284	0.1963160746
4285	0.1483415241	0.196315978
4286	0.1483409234	0.1963150488
4287	0.1483405493	0.1963142004
4288	0.1483405563	0.1963141606
4289	0.1483405275	0.196314133
4290	0.1483348862	0.1963090643
4291	0.1483257462	0.1962973657
4292	0.1483257051	0.1962973321
4293	0.1483220459	0.1962932158
4294	0.1483217565	0.1962927243
4295	0.1483216515	0.1962926138
4296	0.1483216092	0.1962924855
4297	0.1483158985	0.1962849266
4298	0.1483081582	0.1962776011
4299	0.1483065829	0.1962760835
4300	0.1483020414	0.1962701508
4301	0.1482992494	0.1962668896
4302	0.1482992283	0.1962668659
4303	0.1482932646	0.1962602281
4304	0.1482925361	0.196259304
4305	0.1482911813	0.1962568228
4306	0.1482910528	0.1962566091
4307	0.1482874152	0.1962522848
4308	0.1482856038	0.1962504266
4309	0.1482770869	0.1962409888
4310	0.1482770636	0.1962409652
4311	0.1482765872	0.1962404578
4312	0.148276556	0.1962404318
4313	0.1482765336	0.1962404114
4314	0.1482764841	0.1962403616
4315	0.1482675352	0.1962314526
4316	0.1482673804	0.1962313452
4317	0.1482630181	0.1962252748
4318	0.1482622469	0.196223881
4319	0.1482622415	0.1962238282
4320	0.1482622225	0.196223806
4321	0.1482548728	0.1962161614
4322	0.1482510986	0.1962116042
4323	0.1482505235	0.1962107929
4324	0.148248063	0.1962072339
4325	0.1482479962	0.196207076
4326	0.1482365034	0.1961961753
4327	0.148234656	0.1961937913
4328	0.1482258977	0.1961831999
4329	0.1482258889	0.1961831937
4330	0.1482233213	0.1961795062
4331	0.1482179449	0.1961722212
4332	0.1482100618	0.1961651748
4333	0.1482039918	0.1961566417
4334	0.1482039396	0.1961561412
4335	0.1482009736	0.1961530238
4336	0.1482008738	0.1961528471
4337	0.1481971135	0.1961490661
4338	0.1481968593	0.1961483308
4339	0.1481968277	0.1961482978
4340	0.1481922846	0.1961428369
4341	0.1481912816	0.1961415997
4342	0.1481867952	0.1961357607
4343	0.1481773746	0.1961252125
4344	0.1481739277	0.1961198146
4345	0.1481704723	0.196116224
4346	0.1481672538	0.1961128395
4347	0.1481672121	0.196112799
4348	0.1481671636	0.1961126888
4349	0.1481667964	0.1961120491
4350	0.148166774	0.196112026
4351	0.1481620505	0.1961066526
4352	0.1481618038	0.1961063907
4353	0.1481546634	0.1960990183
4354	0.1481487561	0.1960933995
4355	0.148148726	0.196093374
4356	0.1481481839	0.1960923804
4357	0.1481458324	0.1960900494
4358	0.1481457937	0.1960899023
4359	0.1481457685	0.1960897363
4360	0.1481457765	0.1960896972
4361	0.1481457702	0.196089691
4362	0.1481457521	0.1960896706
4363	0.1481455666	0.1960895044
4364	0.1481442821	0.1960876954
4365	0.148144285	0.1960876036
4366	0.1481442341	0.1960875484
4367	0.1481441937	0.1960875085
4368	0.148140354	0.196082723
4369	0.1481347946	0.1960755836
4370	0.148134743	0.1960753581
4371	0.1481313488	0.1960717914
4372	0.1481226277	0.196062611
4373	0.1481189302	0.1960573511
4374	0.1481157087	0.1960523368
4375	0.148113675	0.1960496862
4376	0.1481046777	0.1960400854
4377	0.1481011383	0.1960354855
4378	0.1481010944	0.1960354605
4379	0.1481010877	0.1960354075
4380	0.1481010542	0.1960353689
4381	0.148096562	0.1960305679
4382	0.1480964732	0.196030442
4383	0.1480942689	0.1960278475
4384	0.1480942497	0.1960277864
4385	0.1480940045	0.1960275662
4386	0.1480939896	0.1960274729
4387	0.1480939354	0.1960270888
4388	0.1480882206	0.1960196402
4389	0.1480881487	0.1960194255
4390	0.1480876873	0.1960185681
4391	0.1480876297	0.1960184287
4392	0.1480841669	0.1960134378
4393	0.1480796459	0.1960084045
4394	0.1480759288	0.1960039661
4395	0.1480758997	0.1960039334
4396	0.1480758801	0.1960038951
4397	0.1480707854	0.1959980423
4398	0.1480707848	0.1959978728
4399	0.1480707311	0.1959977325
4400	0.1480707047	0.1959977061
4401	0.1480604136	0.1959850382
4402	0.1480552401	0.1959798595
4403	0.1480552101	0.195979827
4404	0.148055165	0.1959796172
4405	0.1480551607	0.1959796112
4406	0.1480547749	0.1959792942
4407	0.148051517	0.1959757378
4408	0.1480481265	0.195971028
4409	0.148048078	0.1959709773
4410	0.1480480117	0.1959707853
4411	0.1480479972	0.1959706834
4412	0.1480479677	0.1959706511
4413	0.148041094	0.1959621624
4414	0.1480376463	0.1959570531
4415	0.1480372811	0.1959564776
4416	0.1480356241	0.195954172
4417	0.1480344191	0.1959528772
4418	0.1480343873	0.19595284
4419	0.1480343687	0.1959528177
4420	0.1480316318	0.1959497507
4421	0.1480315554	0.1959496146
4422	0.1480315647	0.1959495742
4423	0.1480309929	0.1959488103
4424	0.1480309358	0.1959485886
4425	0.1480301472	0.1959472648
4426	0.1480255502	0.1959420092
4427	0.148023071	0.195939409
4428	0.1480198349	0.1959356142
4429	0.1480166319	0.1959311577
4430	0.1480151986	0.1959283821
4431	0.1480089528	0.1959216431
4432	0.1480073192	0.1959186723
4433	0.1480052755	0.1959170752
4434	0.1480051472	0.1959169812
4435	0.1480013226	0.195912392
4436	0.1479989928	0.1959100567
4437	0.1479989898	0.1959100507
4438	0.1479986904	0.1959098234
4439	0.1479986874	0.1959098174
4440	0.1479967314	0.1959072538
4441	0.1479967165	0.195907243
4442	0.1479966981	0.195907221
4443	0.1479963011	0.1959067082
4444	0.1479936142	0.1959038475
4445	0.1479935578	0.1959037384
4446	0.147993397	0.1959035922
4447	0.1479933123	0.1959035179
4448	0.1479919349	0.1959012376
4449	0.1479919165	0.1959011778
4450	0.1479872524	0.1958967187
4451	0.1479872387	0.1958965701
4452	0.1479838202	0.1958917362
4453	0.1479821442	0.1958904852
4454	0.1479820232	0.1958904172
4455	0.1479819807	0.1958903925
4456	0.1479786551	0.1958851513
4457	0.1479715475	0.1958783653
4458	0.1479666623	0.1958735737
4459	0.1479643781	0.1958709385
4460	0.1479599882	0.1958655647
4461	0.1479583436	0.195862797
4462	0.1479551168	0.1958589908
4463	0.1479537514	0.1958567501
4464	0.1479489724	0.1958503517
4465	0.1479452173	0.1958461907
4466	0.1479450657	0.195845948
4467	0.1479450498	0.1958459172
4468	0.1479416261	0.1958386582
4469	0.1479373739	0.1958338911
4470	0.1479373246	0.1958336908
4471	0.1479366415	0.1958325882
4472	0.1479366112	0.195832514
4473	0.1479330106	0.1958274025
4474	0.1479328389	0.1958270108
4475	0.1479224818	0.1958158851
4476	0.1479224641	0.1958157938
4477	0.1479224332	0.1958157583
4478	0.1479223707	0.1958156846
4479	0.1479198228	0.1958112215
4480	0.1479198045	0.1958111695
4481	0.1479181261	0.1958095146
4482	0.1479181195	0.1958095085
4483	0.1479157766	0.1958070029
4484	0.1479114095	0.1958023257
4485	0.1479113771	0.195802294
4486	0.1479113368	0.1958022199
4487	0.147911243	0.1958020152
4488	0.1479088383	0.1957990703
4489	0.1479088242	0.1957989605
4490	0.1479088179	0.1957989382
4491	0.1479083796	0.1957982995
4492	0.147898255	0.1957859596
4493	0.1478857113	0.1957733525
4494	0.1478854426	0.1957730487
4495	0.147879349	0.1957647927
4496	0.1478760483	0.1957603742
4497	0.147875038	0.1957590364
4498	0.1478672533	0.1957504072
4499	0.1478660315	0.1957485672
4500	0.1478629638	0.1957454622
4501	0.1478620734	0.1957445837
4502	0.1478596846	0.1957418312
4503	0.1478597645	0.1957416037
4504	0.1478582614	0.1957389247
4505	0.147858117	0.1957387229
4506	0.1478579552	0.1957381819
4507	0.1478578576	0.1957379665
4508	0.1478562164	0.1957352394
4509	0.1478526455	0.1957315733
4510	0.1478526332	0.1957315549
4511	0.1478463479	0.1957224672
4512	0.1478417056	0.195717176
4513	0.1478386973	0.1957127127
4514	0.147838735	0.195712559
4515	0.1478383507	0.1957122843
4516	0.147838347	0.1957122765
4517	0.147832504	0.1957045171
4518	0.1478324325	0.1957043238
4519	0.1478323348	0.1957041218
4520	0.1478277319	0.1956983147
4521	0.1478276375	0.1956981111
4522	0.1478276043	0.1956980795
4523	0.1478274589	0.1956979504
4524	0.1478274075	0.1956978973
4525	0.1478273594	0.1956976854
4526	0.1478272032	0.195697478
4527	0.1478271809	0.1956974565
4528	0.1478271526	0.1956974127
4529	0.1478271525	0.1956972374
4530	0.1478270682	0.1956970961
4531	0.1478197452	0.195689936
4532	0.1478170969	0.1956871166
4533	0.1478157737	0.195685357
4534	0.147815731	0.1956851898
4535	0.1478072859	0.1956767071
4536	0.1478072553	0.1956766827
4537	0.1478043527	0.1956728534
4538	0.1478042936	0.195672638
4539	0.1477949797	0.1956635459
4540	0.1477888862	0.1956569779
4541	0.1477888463	0.1956569405
4542	0.1477857094	0.1956533509
4543	0.1477857154	0.1956531747
4544	0.1477829556	0.1956500231
4545	0.1477811602	0.1956473582
4546	0.1477806532	0.1956464683
4547	0.1477752016	0.1956395633
4548	0.1477750318	0.1956392784
4549	0.1477749285	0.195638991
4550	0.1477710427	0.1956343566
4551	0.1477710221	0.1956342118
4552	0.1477701119	0.195633162
4553	0.1477663553	0.1956284735
4554	0.1477604176	0.1956219077
4555	0.1477566361	0.1956177128
4556	0.1477538376	0.1956148662
4557	0.1477477245	0.1956094331
4558	0.1477450902	0.1956059109
4559	0.1477450488	0.1956057049
4560	0.1477423165	0.1956023082
4561	0.1477404906	0.1956000851
4562	0.1477404454	0.1956000608
4563	0.1477404621	0.1955999096
4564	0.1477334786	0.1955927673
4565	0.1477329728	0.1955918724
4566	0.147732975	0.1955918703
4567	0.1477297993	0.1955881426
4568	0.1477276599	0.1955859606
4569	0.1477222751	0.1955783253
4570	0.1477206233	0.1955764686
4571	0.1477205785	0.1955764399
4572	0.1477205573	0.195576383
4573	0.1477204642	0.1955761818
4574	0.1477204528	0.1955761534
4575	0.1477145482	0.1955684615
4576	0.1477145378	0.1955684436
4577	0.1477144518	0.1955681979
4578	0.1477105085	0.1955630611
4579	0.1477104647	0.1955628548
4580	0.1477103469	0.1955626831
4581	0.1477013955	0.1955511595
4582	0.1477013517	0.1955509609
4583	0.1476936847	0.1955432762
4584	0.1476878564	0.1955368841
4585	0.1476878233	0.1955368496
4586	0.1476876069	0.1955365249
4587	0.1476876115	0.1955365192
4588	0.1476840761	0.195531455
4589	0.1476813612	0.195528654
4590	0.147676446	0.1955238705
4591	0.1476764148	0.1955238434
4592	0.1476763272	0.1955235976
4593	0.1476758328	0.1955229806
4594	0.1476724066	0.1955188561
4595	0.1476688365	0.1955145679
4596	0.1476687912	0.195514528
4597	0.147666873	0.19551248
4598	0.1476667615	0.1955123447
4599	0.1476605005	0.195506954
4600	0.1476604812	0.1955068671
4601	0.147660482	0.1955068652
4602	0.147660138	0.1955063832
4603	0.1476501035	0.1954936097
4604	0.1476497938	0.1954929853
4605	0.1476453367	0.1954873494
4606	0.1476453032	0.1954873198
4607	0.1476452582	0.195487118
4608	0.1476451453	0.1954870566
4609	0.1476439207	0.1954850198
4610	0.147639527	0.1954809297
4611	0.1476355512	0.1954758996
4612	0.1476355223	0.1954758747
4613	0.147630031	0.1954704327
4614	0.1476300024	0.1954704062
4615	0.1476299902	0.1954703782
4616	0.1476263232	0.195466588
4617	0.1476262942	0.1954665645
4618	0.1476263021	0.1954657903
4619	0.1476229035	0.1954626042
4620	0.1476228305	0.1954624423
4621	0.1476172085	0.1954562156
4622	0.1476112059	0.1954495938
4623	0.1476057366	0.1954434674
4624	0.1476057258	0.1954434395
4625	0.1475985692	0.1954357322
4626	0.1475950023	0.1954295
4627	0.1475949381	0.1954293716
4628	0.1475900691	0.1954235364
4629	0.147590043	0.1954235117
4630	0.147589836	0.1954230163
4631	0.1475860785	0.195419642
4632	0.1475860463	0.1954195211
4633	0.1475857493	0.1954189597
4634	0.1475855178	0.1954186956
4635	0.1475855176	0.195418688
4636	0.1475838842	0.195416004
4637	0.1475769003	0.1954092207
4638	0.14757684	0.1954088615
4639	0.1475738605	0.1954052521
4640	0.1475738597	0.1954052445
4641	0.147572226	0.1954025924
4642	0.1475708896	0.1954010822
4643	0.1475679782	0.1953975222
4644	0.1475679619	0.1953975039
4645	0.1475640493	0.195392558
4646	0.1475639897	0.1953924653
4647	0.1475639328	0.1953922576
4648	0.1475602083	0.1953889352
4649	0.147555349	0.1953826195
4650	0.1475552742	0.1953824314
4651	0.1475537716	0.1953809964
4652	0.1475480594	0.1953750942
4653	0.1475475919	0.1953743921
4654	0.147547572	0.1953743718
4655	0.1475475661	0.1953743658
4656	0.1475440723	0.1953676358
4657	0.1475413314	0.195362866
4658	0.1475412533	0.1953627237
4659	0.1475409778	0.1953624991
4660	0.1475380625	0.1953569977
4661	0.147534115	0.1953530217
4662	0.147533234	0.1953518596
4663	0.1475323301	0.1953496105
4664	0.1475252909	0.1953427533
4665	0.1475251574	0.1953425771
4666	0.1475240773	0.1953409383
4667	0.1475238559	0.1953404844
4668	0.1475238117	0.1953404605
4669	0.1475218214	0.1953380447
4670	0.147518901	0.1953345211
4671	0.1475188738	0.1953344824
4672	0.1475187277	0.1953342576
4673	0.1475185513	0.1953340961
4674	0.147517106	0.1953325679
4675	0.1475129561	0.19532793
4676	0.1475094134	0.1953240781
4677	0.1475092721	0.1953239232
4678	0.1475055535	0.1953194506
4679	0.1475055339	0.1953194321
4680	0.1475055361	0.1953194304
4681	0.1475054605	0.1953192968
4682	0.1475003721	0.1953140455
4683	0.1475003162	0.1953137862
4684	0.1475002219	0.1953135392
4685	0.1475001721	0.1953134421
4686	0.1474932177	0.1953048132
4687	0.1474861806	0.1952983703
4688	0.1474835781	0.1952957684
4689	0.1474834104	0.1952954554
4690	0.1474834046	0.1952954495
4691	0.1474832535	0.195295313
4692	0.1474832478	0.1952953071
4693	0.1474831911	0.1952951797
4694	0.1474831493	0.1952949835
4695	0.1474790877	0.1952906921
4696	0.1474790922	0.1952905253
4697	0.147479072	0.1952905053
4698	0.147478979	0.1952903087
4699	0.1474758572	0.1952874509
4700	0.1474758297	0.1952874028
4701	0.1474756625	0.1952870934
4702	0.1474725233	0.1952823742
4703	0.1474699676	0.1952796757
4704	0.1474699633	0.1952794766
4705	0.1474699441	0.1952794582
4706	0.1474699466	0.1952794564
4707	0.1474629603	0.1952709632
4708	0.1474595518	0.1952671877
4709	0.1474572851	0.1952645314
4710	0.1474572454	0.1952644081
4711	0.1474554286	0.1952629766
4712	0.1474525749	0.1952575785
4713	0.1474478752	0.1952503866
4714	0.1474424368	0.1952420044
4715	0.1474423088	0.1952418919
4716	0.1474418734	0.1952412742
4717	0.1474418027	0.1952410634
4718	0.1474415932	0.195240745
4719	0.147441578	0.1952407193
4720	0.147441488	0.1952405236
4721	0.1474391492	0.1952383515
4722	0.1474391501	0.195238344
4723	0.1474391417	0.195238317
4724	0.1474391424	0.1952383095
4725	0.1474391468	0.1952381784
4726	0.1474366603	0.1952345956
4727	0.1474363278	0.1952343455
4728	0.1474362741	0.1952341716
4729	0.1474362412	0.1952341252
4730	0.1474361182	0.1952338713
4731	0.1474324994	0.1952297533
4732	0.1474323775	0.1952295577
4733	0.1474323529	0.19522952
4734	0.1474307866	0.1952273091
4735	0.147430479	0.19522684
4736	0.1474292164	0.1952245192
4737	0.147421732	0.1952174172
4738	0.147414491	0.1952093077
4739	0.1474144798	0.1952091645
4740	0.1474144378	0.1952091002
4741	0.1474143994	0.1952089025
4742	0.1474144048	0.1952088184
4743	0.1474142954	0.1952083259
4744	0.1474095157	0.1952029699
4745	0.1474094609	0.195202747
4746	0.1474012994	0.1951940394
4747	0.1473973871	0.1951880283
4748	0.147391108	0.1951809475
4749	0.1473910517	0.1951808686
4750	0.1473909433	0.1951807374
4751	0.1473909072	0.1951807114
4752	0.1473902188	0.1951796566
4753	0.1473860019	0.1951748472
4754	0.1473859721	0.1951748176
4755	0.1473799164	0.1951661367
4756	0.1473740324	0.1951608679
4757	0.1473704029	0.195156928
4758	0.147370347	0.1951567266
4759	0.1473703521	0.1951567218
4760	0.1473666349	0.1951522568
4761	0.1473664517	0.1951521558
4762	0.1473664566	0.195152151
4763	0.1473664241	0.1951520409
4764	0.1473622991	0.1951471236
4765	0.1473622688	0.195147065
4766	0.1473621827	0.1951469542
4767	0.1473619358	0.195146681
4768	0.1473619258	0.1951465359
4769	0.1473591234	0.1951426982
4770	0.1473591992	0.1951424895
4771	0.1473591241	0.1951424167
4772	0.1473589869	0.1951422854
4773	0.1473565478	0.1951399502
4774	0.1473550801	0.1951382495
4775	0.1473547895	0.1951378085
4776	0.1473498754	0.195132058
4777	0.1473497216	0.1951318243
4778	0.1473453433	0.1951265181
4779	0.147345294	0.1951264041
4780	0.147345209	0.1951262722
4781	0.147340135	0.1951204535
4782	0.1473371921	0.1951172038
4783	0.1473326401	0.1951101793
4784	0.1473265538	0.1951043028
4785	0.1473264654	0.1951041528
4786	0.1473264684	0.1951041512
4787	0.14732645	0.195104132
4788	0.147325259	0.1951024263
4789	0.147325224	0.1951023343
4790	0.147321	0.195098099
4791	0.1473208312	0.1950979032
4792	0.1473182938	0.1950936904
4793	0.1473136822	0.1950874214
4794	0.147313688	0.1950872321
4795	0.1473136719	0.1950872224
4796	0.1473136257	0.1950870259
4797	0.1473136243	0.1950870185
4798	0.1473135305	0.1950868953
4799	0.1473135115	0.1950867561
4800	0.1473090706	0.1950823871
4801	0.14730573	0.1950784078
4802	0.1473056682	0.1950781226
4803	0.1473055841	0.1950779667
4804	0.147305455	0.1950777153
4805	0.147304555	0.1950769594
4806	0.1472990037	0.1950693091
4807	0.1472990162	0.1950691545
4808	0.1472958263	0.1950660514
4809	0.147295807	0.195065971
4810	0.1472899595	0.1950602847
4811	0.1472881637	0.1950583199
4812	0.1472841557	0.195053504
4813	0.1472829121	0.1950517897
4814	0.1472775435	0.1950442266
4815	0.1472772145	0.1950440357
4816	0.1472772032	0.1950439848
4817	0.1472756489	0.1950417947
4818	0.1472737476	0.1950390536
4819	0.1472737175	0.195038932
4820	0.1472737237	0.1950389273
4821	0.147273631	0.1950387344
4822	0.1472690755	0.1950321379
4823	0.1472681476	0.1950308913
4824	0.1472633946	0.1950253191
4825	0.1472558093	0.1950151869
4826	0.1472525413	0.1950112763
4827	0.1472524599	0.1950110978
4828	0.1472512927	0.1950094366
4829	0.1472512803	0.1950093145
4830	0.1472492389	0.1950069251
4831	0.1472490899	0.1950067356
4832	0.1472490198	0.1950065805
4833	0.1472457285	0.1950029428
4834	0.1472451937	0.1950022279
4835	0.1472407346	0.1949964745
4836	0.147238711	0.1949944912
4837	0.1472313039	0.1949867182
4838	0.1472246968	0.1949796708
4839	0.1472246173	0.1949794535
4840	0.147222117	0.1949749005
4841	0.1472221221	0.1949748878
4842	0.1472220827	0.1949746277
4843	0.147222084	0.1949746262
4844	0.1472218738	0.1949744274
4845	0.14722191	0.1949742751
4846	0.1472218899	0.1949742564
4847	0.1472167098	0.194968479
4848	0.1472153652	0.1949668395
4849	0.1472126055	0.1949632875
4850	0.1472108546	0.1949605847
4851	0.1472107097	0.1949602899
4852	0.1472032157	0.1949548528
4853	0.1472032193	0.1949548483
4854	0.147200846	0.1949518439
4855	0.1472006186	0.1949514924
4856	0.1471967446	0.1949464264
4857	0.147196694	0.1949463109
4858	0.1471966482	0.1949462877
4859	0.1471966231	0.1949462562
4860	0.1471966234	0.1949462547
4861	0.1471894147	0.1949373009
4862	0.147186521	0.1949327714
4863	0.147184022	0.1949299611
4864	0.1471816429	0.1949277351
4865	0.1471778929	0.1949238113
4866	0.1471778954	0.1949237985
4867	0.1471778204	0.1949237204
4868	0.1471777821	0.1949236367
4869	0.1471776985	0.1949234599
4870	0.1471776732	0.1949234237
4871	0.1471753574	0.1949201708
4872	0.1471753419	0.194920143
4873	0.1471753411	0.1949201416
4874	0.1471753168	0.1949201293
4875	0.1471722177	0.1949155411
4876	0.1471721902	0.1949153705
4877	0.1471721551	0.1949153357
4878	0.147167827	0.1949104953
4879	0.1471664823	0.1949088829
4880	0.1471585949	0.194900872
4881	0.1471556657	0.1948957423
4882	0.1471557681	0.1948956754
4883	0.1471557208	0.1948956523
4884	0.1471555638	0.1948953945
4885	0.1471555627	0.1948953931
4886	0.1471555418	0.1948953816
4887	0.1471554783	0.1948951698
4888	0.1471548687	0.1948942869
4889	0.147154618	0.1948941314
4890	0.1471479197	0.1948863097
4891	0.1471452057	0.1948835279
4892	0.1471428358	0.1948805641
4893	0.1471427671	0.1948805241
4894	0.1471426815	0.1948803081
4895	0.1471403725	0.1948773493
4896	0.1471372871	0.1948730024
4897	0.1471371897	0.194872812
4898	0.1471365572	0.1948718919
4899	0.1471365386	0.1948718652
4900	0.1471358615	0.1948706458
4901	0.147133305	0.1948672071
4902	0.1471332616	0.1948670125
4903	0.1471300497	0.1948623162
4904	0.1471300482	0.1948623148
4905	0.1471300175	0.1948621953
4906	0.1471298515	0.194861982
4907	0.1471215099	0.1948525869
4908	0.1471165794	0.194847564
4909	0.1471164185	0.1948473386
4910	0.1471163043	0.1948472491
4911	0.1471161676	0.194847136
4912	0.1471130379	0.1948429968
4913	0.1471110584	0.1948400294
4914	0.1471110329	0.1948399312
4915	0.1471108204	0.1948396829
4916	0.1471107418	0.1948395365
4917	0.1471106456	0.1948394412
4918	0.1471106258	0.1948394127
4919	0.147110534	0.1948392516
4920	0.1471063901	0.194834385
4921	0.1471063794	0.1948342343
4922	0.1471063319	0.1948342113
4923	0.1471038825	0.1948299874
4924	0.1471038603	0.194829858
4925	0.1471036073	0.1948296284
4926	0.1471036018	0.1948296211
4927	0.147103588	0.1948295958
4928	0.1471035867	0.1948295945
4929	0.1471035113	0.1948295672
4930	0.1470986325	0.194823986
4931	0.1470981733	0.1948233166
4932	0.1470981527	0.1948232106
4933	0.1470936938	0.1948173527
4934	0.1470936953	0.1948173486
4935	0.1470923297	0.1948158724
4936	0.1470920357	0.1948154776
4937	0.1470919153	0.1948153556
4938	0.1470913816	0.1948145561
4939	0.1470883683	0.1948108494
4940	0.1470852153	0.1948063262
4941	0.1470784632	0.194798971
4942	0.1470783128	0.1947988499
4943	0.1470782211	0.1947986512
4944	0.1470749373	0.194794934
4945	0.1470742487	0.1947927477
4946	0.1470742249	0.194792704
4947	0.1470708347	0.1947891848
4948	0.1470705876	0.194789087
4949	0.1470675736	0.194785367
4950	0.1470670591	0.1947844096
4951	0.1470670727	0.1947843052
4952	0.1470670655	0.1947842785
4953	0.1470645155	0.1947803723
4954	0.1470632586	0.1947784955
4955	0.1470631866	0.1947783615
4956	0.1470630883	0.1947780887
4957	0.14706296	0.1947777226
4958	0.147062819	0.1947775775
4959	0.1470627809	0.1947774285
4960	0.14706269	0.1947772408
4961	0.1470626772	0.194777195
4962	0.1470572809	0.1947722377
4963	0.147057186	0.1947720497
4964	0.1470571894	0.1947720456
4965	0.1470518108	0.194767619
4966	0.1470517688	0.1947674285
4967	0.1470474945	0.1947623056
4968	0.1470472595	0.1947621405
4969	0.1470470563	0.1947619238
4970	0.1470440253	0.1947592162
4971	0.1470439933	0.1947590859
4972	0.147042833	0.194757538
4973	0.1470424827	0.1947572388
4974	0.1470392173	0.1947520941
4975	0.1470389189	0.1947518898
4976	0.147031428	0.1947432252
4977	0.1470312929	0.1947430559
4978	0.1470270503	0.1947368969
4979	0.1470192883	0.1947283579
4980	0.1470119103	0.1947224608
4981	0.1470118456	0.1947221458
4982	0.1470118365	0.1947218248
4983	0.147006141	0.1947160203
4984	0.1470061436	0.1947160189
4985	0.147005551	0.1947153022
4986	0.1470019229	0.1947120817
4987	0.1470014479	0.1947112703
4988	0.1470014129	0.1947111086
4989	0.1469992367	0.1947071177
4990	0.1469978519	0.1947044604
4991	0.1469954178	0.1947009078
4992	0.1469953316	0.1947008101
4993	0.1469952897	0.1947007557
4994	0.1469937765	0.194698874
4995	0.1469932017	0.194697854
4996	0.1469932591	0.1946976823
4997	0.1469932099	0.1946975179
4998	0.1469934713	0.1946973964
4999	0.1469934736	0.1946973951
