iter	Passed	Remaining
<<<<<<< HEAD
0	167	834875
1	189	472595
2	214	357497
3	234	293201
4	253	253333
5	270	225218
6	287	204981
7	306	191173
8	324	179780
9	339	169584
10	357	162119
11	373	155432
12	392	150732
13	410	146116
14	429	142721
15	446	139107
16	464	136076
17	481	133212
18	500	131234
19	518	129073
20	537	127402
21	554	125435
22	572	123938
23	591	122593
24	608	121037
25	626	119843
26	643	118607
27	661	117544
28	680	116692
29	698	115796
30	717	114981
31	735	114240
32	753	113483
33	770	112567
34	788	111797
35	804	110975
36	823	110503
37	842	109987
38	860	109422
39	878	108888
40	896	108384
41	913	107875
42	931	107404
43	947	106751
44	964	106252
45	982	105759
46	1000	105455
47	1017	104995
48	1035	104612
49	1052	104151
50	1069	103757
51	1086	103398
52	1103	103014
53	1120	102661
54	1137	102280
55	1156	102094
56	1172	101701
57	1189	101348
58	1206	101078
59	1223	100762
60	1245	100859
61	1266	100904
62	1292	101320
63	1309	101020
64	1328	100826
65	1344	100524
66	1362	100327
67	1379	100044
68	1396	99817
69	1414	99640
70	1433	99520
71	1449	99220
72	1467	99024
73	1483	98746
74	1501	98583
75	1517	98308
76	1535	98158
77	1553	98044
78	1571	97874
79	1588	97693
80	1605	97521
81	1622	97328
82	1639	97147
83	1657	97025
84	1674	96851
85	1693	96748
86	1712	96708
87	1731	96633
88	1746	96388
89	1763	96218
90	1780	96071
91	1798	95929
92	1815	95789
93	1833	95693
94	1848	95465
95	1866	95362
96	1884	95252
97	1902	95159
98	1920	95072
99	1939	95012
100	1957	94931
101	1976	94913
102	1995	94879
103	2017	94957
104	2036	94926
105	2054	94861
106	2072	94769
107	2091	94759
108	2109	94659
109	2128	94626
110	2146	94564
111	2165	94507
112	2184	94487
113	2204	94464
114	2224	94483
115	2245	94539
116	2265	94534
117	2288	94674
118	2315	94990
119	2339	95147
120	2357	95074
121	2377	95044
122	2393	94915
123	2414	94928
124	2432	94879
125	2453	94903
126	2472	94868
127	2491	94846
128	2510	94804
129	2528	94739
130	2546	94664
131	2564	94576
132	2581	94463
133	2598	94370
134	2617	94336
135	2636	94299
136	2653	94188
137	2673	94195
138	2691	94111
139	2709	94071
140	2728	94027
141	2746	93948
142	2766	93951
143	2784	93885
144	2804	93909
145	2823	93860
146	2840	93777
147	2859	93730
148	2877	93681
149	2896	93655
150	2916	93642
151	2965	94569
152	2982	94496
153	3001	94452
154	3019	94381
155	3037	94325
156	3055	94259
157	3074	94220
158	3093	94172
159	3111	94120
160	3130	94084
161	3149	94055
162	3166	93961
163	3185	93931
164	3204	93904
165	3238	94298
166	3260	94359
167	3284	94469
168	3301	94389
169	3322	94387
170	3338	94281
171	3356	94227
172	3372	94110
173	3389	94000
174	3405	93903
175	3424	93872
176	3442	93815
177	3460	93757
178	3478	93675
179	3495	93597
180	3513	93554
181	3534	93555
182	3552	93505
183	3570	93454
184	3587	93365
185	3604	93282
186	3621	93220
187	3641	93209
188	3660	93167
189	3678	93132
190	3696	93060
191	3714	93021
192	3735	93038
193	3761	93173
194	3780	93152
195	3801	93172
196	3837	93560
197	3880	94111
198	3914	94438
199	3939	94545
200	3964	94647
201	4001	95046
202	4024	95100
203	4047	95146
204	4068	95161
205	4089	95161
206	4107	95114
207	4128	95124
208	4147	95086
209	4168	95085
210	4189	95089
211	4210	95105
212	4238	95248
213	4269	95486
214	4306	95845
215	4347	96290
216	4376	96456
217	4398	96494
218	4432	96759
219	4456	96820
220	4478	96849
221	4500	96851
222	4521	96847
223	4541	96822
224	4559	96769
225	4579	96735
226	4597	96666
227	4617	96642
228	4634	96563
229	4654	96536
230	4673	96492
231	4694	96476
232	4713	96428
233	4731	96367
234	4749	96313
235	4768	96263
236	4787	96207
237	4807	96184
238	4826	96139
239	4844	96080
240	4863	96030
241	4883	96021
242	4904	96012
243	4924	95988
244	4941	95910
245	4961	95872
246	4980	95842
247	5002	95847
248	5022	95821
249	5041	95787
250	5060	95746
251	5078	95688
252	5095	95612
253	5115	95589
254	5136	95571
255	5152	95491
256	5169	95412
257	5188	95360
258	5206	95300
259	5233	95409
260	5257	95465
261	5278	95453
262	5298	95428
263	5317	95384
264	5335	95326
265	5369	95565
266	5387	95508
267	5406	95454
268	5425	95421
269	5446	95407
270	5465	95365
271	5484	95333
272	5503	95287
273	5520	95224
274	5538	95155
275	5556	95106
276	5574	95045
277	5592	94993
278	5610	94940
279	5629	94888
280	5646	94830
281	5665	94786
282	5683	94723
283	5700	94656
284	5718	94597
285	5735	94534
286	5751	94448
287	5769	94398
288	5787	94335
289	5805	94292
290	5822	94223
291	5842	94199
292	5859	94134
293	5877	94075
294	5894	94010
295	5911	93952
296	5929	93894
297	5949	93872
298	5966	93805
299	5983	93743
300	6001	93695
301	6020	93661
302	6037	93595
303	6056	93550
304	6072	93477
305	6089	93418
306	6106	93350
307	6124	93295
308	6142	93250
309	6161	93213
310	6180	93184
311	6197	93120
312	6218	93121
313	6242	93164
314	6263	93152
315	6281	93110
316	6300	93076
317	6318	93033
318	6336	92981
319	6355	92950
320	6372	92886
321	6390	92840
322	6408	92791
323	6427	92756
324	6444	92701
325	6462	92659
326	6482	92635
327	6501	92604
328	6520	92579
329	6539	92539
330	6558	92516
331	6577	92478
332	6595	92435
333	6614	92405
334	6631	92345
335	6649	92305
336	6667	92259
337	6686	92219
338	6709	92252
339	6731	92265
340	6748	92208
341	6765	92140
342	6781	92074
343	6800	92038
344	6817	91982
345	6834	91925
346	6852	91881
347	6870	91839
348	6887	91786
349	6906	91763
350	6925	91728
351	6942	91669
352	6959	91611
353	6977	91580
354	6997	91564
355	7016	91535
356	7033	91478
357	7051	91430
358	7068	91375
359	7087	91344
360	7104	91294
361	7121	91237
362	7139	91204
363	7157	91158
364	7174	91109
365	7192	91063
366	7213	91063
367	7237	91095
368	7258	91101
369	7276	91048
370	7293	90995
371	7312	90970
372	7330	90938
373	7348	90896
374	7367	90862
375	7385	90820
376	7402	90777
377	7421	90749
378	7439	90700
379	7458	90683
380	7476	90639
381	7494	90604
382	7512	90559
383	7531	90537
384	7548	90481
385	7567	90456
386	7587	90437
387	7606	90410
388	7623	90365
389	7643	90345
390	7660	90301
391	7679	90278
392	7699	90254
393	7718	90230
394	7734	90168
395	7753	90147
396	7770	90094
397	7790	90080
398	7807	90025
399	7825	89996
400	7843	89957
401	7861	89923
402	7879	89876
403	7898	89856
404	7916	89822
405	7934	89778
406	7950	89725
407	7969	89698
408	7987	89663
409	8006	89629
410	8023	89583
411	8043	89570
412	8061	89534
413	8080	89507
414	8098	89472
415	8116	89442
416	8132	89384
417	8150	89346
418	8168	89308
419	8188	89294
420	8209	89294
421	8233	89318
422	8254	89312
423	8272	89280
424	8290	89245
425	8307	89200
426	8324	89154
427	8344	89138
428	8361	89088
429	8379	89052
430	8396	89011
431	8415	88986
432	8432	88937
433	8450	88900
434	8466	88851
435	8484	88817
436	8502	88776
437	8520	88743
438	8537	88698
439	8554	88655
440	8571	88606
441	8587	88557
442	8605	88519
443	8622	88478
444	8640	88444
445	8658	88412
446	8675	88366
447	8694	88345
448	8712	88308
449	8730	88271
450	8762	88380
451	8804	88593
452	8840	88741
453	8882	88940
454	8930	89202
455	8975	89437
456	9007	89544
457	9043	89679
458	9076	89792
459	9109	89906
460	9145	90046
461	9197	90342
462	9244	90590
463	9291	90828
464	9323	90931
465	9368	91148
466	9401	91259
467	9440	91419
468	9475	91547
469	9508	91643
470	9540	91738
471	9574	91849
472	9623	92100
473	9663	92271
474	9707	92474
475	9739	92570
476	9786	92798
477	9820	92906
478	9860	93070
479	9895	93183
480	9938	93373
481	9974	93492
482	10017	93683
483	10049	93765
484	10082	93861
485	10115	93953
486	10160	94157
487	10201	94317
488	10249	94548
489	10283	94648
490	10315	94731
491	10348	94819
492	10382	94914
493	10416	95016
494	10453	95138
495	10489	95247
496	10530	95413
497	10562	95490
498	10598	95595
499	10629	95663
500	10663	95760
501	10697	95851
502	10737	95999
503	10769	96075
504	10804	96167
505	10838	96258
506	10876	96386
507	10913	96501
508	10954	96652
509	10987	96730
510	11020	96809
511	11052	96884
512	11095	97044
513	11128	97128
514	11163	97219
515	11201	97341
516	11250	97552
517	11285	97648
518	11325	97782
519	11358	97853
520	11391	97929
521	11423	97999
522	11456	98072
523	11489	98140
524	11523	98221
525	11556	98300
526	11607	98516
527	11641	98597
528	11687	98783
529	11722	98867
530	11766	99030
531	11805	99152
532	11840	99236
533	11872	99295
534	11919	99478
535	11952	99545
536	11997	99708
537	12032	99791
538	12077	99955
539	12114	100056
540	12147	100125
541	12181	100195
542	12219	100301
543	12254	100381
544	12294	100502
545	12328	100567
546	12372	100718
547	12407	100796
548	12452	100959
549	12489	101050
550	12523	101119
551	12561	101222
552	12625	101532
553	12659	101592
554	12693	101660
555	12727	101724
556	12762	101805
557	12798	101881
558	12847	102065
559	12881	102129
560	12917	102210
561	12950	102266
562	12994	102407
563	13042	102580
564	13091	102763
565	13126	102832
566	13166	102941
567	13220	103158
568	13256	103235
569	13289	103288
570	13324	103349
571	13356	103396
572	13390	103457
573	13436	103606
574	13480	103742
575	13514	103799
576	13559	103941
577	13591	103980
578	13636	104125
579	13671	104184
580	13703	104226
581	13744	104336
582	13779	104398
583	13822	104519
584	13856	104575
585	13889	104619
586	13922	104664
587	13963	104770
588	13996	104817
589	14036	104920
590	14084	105074
591	14117	105121
592	14153	105181
593	14207	105380
594	14243	105449
595	14295	105634
596	14330	105688
597	14366	105754
598	14399	105794
599	14435	105858
600	14467	105893
601	14507	105990
602	14541	106036
603	14576	106092
604	14611	106142
605	14651	106233
606	14685	106280
607	14728	106391
608	14762	106441
609	14797	106494
610	14832	106544
611	14867	106597
612	14915	106743
613	14962	106879
614	14996	106928
615	15032	106985
616	15065	107022
617	15116	107182
618	15151	107233
619	15196	107358
620	15232	107414
621	15272	107494
622	15308	107553
623	15360	107720
624	15393	107755
625	15428	107802
626	15461	107834
627	15505	107943
628	15544	108019
629	15582	108089
630	15632	108235
631	15664	108265
632	15707	108364
633	15744	108425
634	15786	108517
635	15818	108539
636	15862	108645
637	15896	108681
638	15941	108797
639	15975	108832
640	16018	108932
641	16065	109058
642	16111	109169
643	16145	109207
644	16182	109260
645	16219	109316
646	16256	109371
647	16290	109406
648	16330	109480
649	16364	109514
650	16397	109543
651	16430	109570
652	16466	109618
653	16501	109659
654	16552	109803
655	16588	109845
656	16622	109880
657	16656	109915
658	16705	110043
659	16738	110069
660	16783	110170
661	16816	110197
662	16850	110227
663	16886	110273
664	16920	110301
665	16971	110442
666	17005	110470
667	17050	110570
668	17084	110604
669	17129	110700
670	17164	110740
671	17210	110841
672	17245	110879
673	17287	110960
674	17323	110998
675	17398	111291
676	17441	111372
677	17510	111621
678	17552	111702
679	17613	111900
680	17675	112098
681	17753	112406
682	17789	112444
683	17824	112473
684	17866	112546
685	17908	112619
686	17945	112661
687	18006	112855
688	18040	112876
689	18080	112935
690	18117	112979
691	18157	113038
692	18205	113148
693	18251	113245
694	18291	113302
695	18334	113378
696	18371	113417
697	18408	113456
698	18443	113486
699	18486	113559
700	18518	113569
701	18576	113737
702	18610	113755
703	18650	113810
704	18685	113836
705	18728	113908
706	18769	113969
707	18798	113960
708	18837	114010
709	18867	113999
710	18902	114028
711	18938	114058
712	18975	114093
713	19025	114207
714	19063	114247
715	19098	114272
716	19142	114346
717	19177	114369
718	19214	114403
719	19249	114428
720	19286	114461
721	19345	114625
722	19382	114657
723	19430	114756
724	19465	114781
725	19508	114850
726	19548	114895
727	19586	114935
728	19621	114958
729	19679	115112
730	19729	115218
731	19771	115281
732	19808	115311
733	19847	115350
734	19880	115363
735	19924	115432
736	19967	115497
737	20020	115619
738	20053	115626
739	20089	115649
740	20123	115662
741	20161	115697
742	20211	115802
743	20256	115874
744	20291	115893
745	20336	115969
746	20374	115998
747	20414	116043
748	20453	116082
749	20487	116096
750	20528	116143
751	20580	116258
752	20615	116270
753	20649	116281
754	20684	116299
755	20728	116365
756	20833	116769
757	20901	116971
758	20938	116995
759	20985	117079
760	21022	117102
761	21063	117150
762	21097	117155
763	21142	117222
764	21186	117286
765	21234	117374
766	21287	117481
767	21348	117639
768	21391	117692
769	21437	117766
770	21485	117847
771	21549	118022
772	21587	118047
773	21625	118074
774	21663	118103
775	21722	118243
776	21769	118317
777	21810	118361
778	21844	118362
779	21881	118386
780	21916	118395
781	21965	118481
782	22000	118489
783	22042	118533
784	22074	118529
785	22120	118594
786	22153	118592
787	22196	118641
788	22228	118638
789	22276	118715
790	22313	118731
791	22375	118884
792	22413	118907
793	22448	118912
794	22497	118994
795	22529	118987
796	22582	119090
797	22623	119130
798	22671	119202
799	22707	119212
800	22749	119259
801	22792	119306
802	22837	119361
803	22873	119373
804	22918	119434
805	22962	119483
806	23023	119627
807	23071	119698
808	23108	119715
809	23143	119718
810	23199	119831
811	23247	119903
812	23289	119941
813	23326	119956
814	23361	119962
815	23410	120038
816	23445	120038
817	23511	120200
818	23550	120223
819	23637	120493
820	23700	120638
821	23762	120779
822	23805	120820
823	23852	120882
824	23885	120877
825	23920	120878
826	23958	120891
827	24007	120965
828	24043	120970
829	24086	121011
830	24120	121006
831	24155	121009
832	24196	121038
833	24240	121084
834	24275	121087
835	24330	121185
836	24364	121179
837	24409	121233
838	24444	121229
839	24479	121232
840	24515	121236
841	24566	121313
842	24602	121318
843	24640	121332
844	24674	121327
845	24741	121485
846	24777	121490
847	24819	121520
848	24855	121523
849	24898	121561
850	24932	121559
851	24971	121576
852	25019	121635
853	25076	121741
854	25124	121804
855	25173	121868
856	25234	121992
857	25269	121987
858	25304	121985
859	25339	121981
860	25375	121984
861	25411	121985
862	25457	122034
863	25490	122024
864	25548	122130
865	25581	122116
866	25639	122224
867	25673	122217
868	25709	122215
869	25745	122214
870	25784	122230
871	25816	122214
872	25861	122257
873	25896	122252
874	25932	122254
875	25982	122320
876	26029	122371
877	26065	122369
878	26096	122349
879	26129	122335
880	26193	122464
881	26205	122353
882	26239	122341
883	26287	122397
884	26312	122345
885	26358	122390
886	26389	122368
887	26426	122372
888	26460	122360
889	26499	122373
890	26536	122375
891	26576	122395
892	26611	122389
893	26665	122472
894	26699	122458
895	26736	122462
896	26771	122455
897	26814	122485
898	26854	122504
899	26889	122498
900	26925	122494
901	26987	122609
902	27020	122593
903	27067	122642
904	27116	122697
905	27176	122804
906	27230	122884
907	27268	122889
908	27304	122885
909	27343	122896
910	27380	122895
911	27424	122929
912	27474	122988
913	27515	123005
914	27555	123019
915	27627	123178
916	27663	123175
917	27697	123162
918	27742	123193
919	27777	123189
920	27827	123245
921	27876	123299
922	27916	123312
923	27966	123367
924	28001	123360
925	28064	123471
926	28109	123506
927	28153	123535
928	28195	123554
929	28233	123561
930	28285	123625
931	28325	123633
932	28359	123621
933	28404	123655
934	28438	123638
935	28482	123667
936	28526	123697
937	28563	123695
938	28605	123711
939	28637	123689
940	28671	123675
941	28715	123702
942	28738	123639
943	28776	123642
944	28812	123633
945	28854	123655
946	28892	123657
947	28930	123655
948	28964	123640
949	29020	123720
950	29052	123695
951	29100	123737
952	29134	123721
953	29184	123772
954	29219	123762
955	29257	123761
956	29291	123746
957	29326	123736
958	29369	123756
959	29404	123743
960	29441	123740
961	29484	123763
962	29534	123813
963	29569	123799
964	29620	123854
965	29658	123852
966	29694	123843
967	29731	123838
968	29772	123852
969	29807	123839
970	29849	123856
971	29897	123895
972	29959	123993
973	29992	123973
974	30035	123991
975	30067	123968
976	30140	124109
977	30180	124115
978	30221	124127
979	30256	124112
980	30301	124139
981	30335	124122
982	30379	124145
983	30413	124124
984	30446	124104
985	30489	124122
986	30524	124110
987	30565	124117
988	30599	124100
989	30640	124111
990	30678	124106
991	30715	124102
992	30766	124148
993	30800	124131
994	30844	124153
995	30879	124136
996	30925	124165
997	30959	124148
998	30998	124148
999	31031	124124
1000	31077	124154
1001	31111	124135
1002	31154	124153
1003	31207	124206
1004	31249	124222
1005	31285	124207
1006	31336	124255
1007	31371	124239
1008	31422	124289
1009	31461	124288
1010	31513	124340
1011	31548	124324
1012	31590	124335
1013	31622	124306
1014	31667	124329
1015	31702	124313
1016	31755	124369
1017	31791	124353
1018	31825	124334
1019	31858	124311
1020	31900	124322
1021	31950	124362
1022	32004	124420
1023	32044	124423
1024	32086	124432
1025	32136	124473
1026	32186	124514
1027	32231	124537
1028	32279	124569
1029	32342	124659
1030	32386	124675
1031	32419	124652
1032	32459	124654
1033	32492	124627
1034	32542	124669
1035	32581	124666
1036	32618	124656
1037	32654	124640
1038	32693	124639
1039	32729	124622
1040	32790	124703
1041	32834	124719
1042	32880	124742
1043	32928	124773
1044	32962	124751
1045	33004	124760
1046	33036	124731
1047	33071	124712
1048	33118	124737
1049	33156	124729
1050	33208	124775
1051	33256	124805
1052	33291	124786
1053	33333	124795
1054	33368	124776
1055	33413	124795
1056	33458	124812
1057	33505	124838
1058	33541	124821
1059	33580	124818
1060	33615	124800
1061	33657	124805
1062	33707	124843
1063	33740	124816
1064	33785	124832
1065	33820	124811
1066	33862	124817
1067	33897	124797
1068	33940	124809
1069	33975	124788
1070	34018	124798
1071	34055	124785
1072	34089	124763
1073	34124	124741
1074	34176	124784
1075	34222	124802
1076	34257	124784
1077	34290	124755
1078	34330	124755
1079	34377	124776
1080	34424	124801
1081	34458	124775
1082	34504	124796
1083	34538	124770
1084	34578	124769
1085	34625	124790
1086	34657	124762
1087	34686	124718
1088	34718	124686
1089	34753	124665
1090	34795	124669
1091	34831	124652
1092	34873	124659
1093	34906	124628
1094	34953	124651
1095	34989	124632
1096	35034	124650
1097	35069	124627
1098	35107	124616
1099	35142	124597
1100	35192	124627
1101	35235	124633
1102	35269	124609
1103	35317	124636
1104	35351	124610
1105	35385	124585
1106	35420	124563
1107	35468	124588
1108	35504	124569
1109	35548	124579
1110	35581	124550
1111	35623	124553
1112	35656	124526
1113	35700	124536
1114	35736	124517
1115	35770	124492
1116	35806	124471
1117	35857	124506
1118	35891	124479
1119	35937	124498
1120	35970	124469
1121	36018	124492
1122	36055	124475
1123	36091	124458
1124	36126	124436
1125	36169	124441
1126	36208	124433
1127	36251	124437
1128	36283	124405
1129	36322	124397
1130	36355	124366
1131	36389	124341
1132	36423	124315
1133	36465	124315
1134	36498	124287
1135	36544	124303
1136	36585	124300
1137	36620	124279
1138	36654	124253
1139	36701	124271
1140	36733	124237
1141	36767	124211
1142	36801	124185
1143	36839	124172
1144	36875	124152
1145	36922	124171
1146	36957	124148
1147	36995	124134
1148	37046	124166
1149	37091	124176
1150	37138	124194
1151	37199	124255
1152	37234	124233
1153	37276	124232
1154	37307	124197
1155	37354	124215
1156	37403	124237
1157	37448	124247
1158	37482	124220
1159	37524	124219
1160	37558	124193
1161	37614	124237
1162	37646	124205
1163	37700	124241
1164	37764	124314
1165	37811	124329
1166	37845	124304
1167	37882	124286
1168	37915	124254
1169	37965	124281
1170	37999	124251
1171	38037	124237
1172	38079	124238
1173	38114	124212
1174	38146	124179
1175	38199	124214
1176	38249	124238
1177	38285	124216
1178	38316	124178
1179	38350	124151
1180	38384	124125
1181	38417	124092
1182	38448	124057
1183	38489	124049
1184	38523	124021
1185	38566	124024
1186	38600	123995
1187	38648	124013
1188	38717	124099
1189	38757	124088
1190	38792	124065
1191	38826	124037
1192	38858	124001
1193	38898	123993
1194	38933	123968
1195	38974	123963
1196	39019	123970
1197	39054	123945
1198	39100	123953
1199	39132	123920
1200	39167	123893
1201	39206	123882
1202	39255	123899
1203	39287	123867
1204	39331	123869
1205	39366	123845
1206	39407	123839
1207	39439	123803
1208	39490	123826
1209	39524	123799
1210	39566	123795
1211	39610	123800
1212	39646	123776
1213	39680	123748
1214	39714	123718
1215	39747	123687
1216	39785	123673
1217	39821	123648
1218	39854	123617
1219	39886	123582
1220	39930	123585
1221	39962	123549
1222	40009	123561
1223	40057	123575
1224	40098	123568
1225	40133	123544
1226	40181	123556
1227	40217	123534
1228	40253	123512
1229	40284	123472
1230	40332	123486
1231	40367	123461
1232	40412	123464
1233	40447	123440
1234	40491	123440
1235	40526	123415
1236	40566	123403
1237	40602	123382
1238	40649	123393
1239	40683	123363
1240	40720	123343
1241	40754	123313
1242	40800	123321
1243	40847	123329
1244	40892	123334
1245	40926	123305
1246	40963	123283
1247	40996	123252
1248	41035	123236
1249	41076	123229
1250	41128	123253
1251	41181	123280
1252	41241	123330
1253	41278	123308
1254	41338	123356
1255	41376	123337
1256	41414	123322
1257	41450	123296
1258	41501	123316
1259	41539	123299
1260	41579	123287
1261	41612	123255
1262	41656	123253
1263	41692	123229
1264	41727	123202
1265	41760	123171
1266	41796	123146
1267	41831	123118
1268	41877	123125
1269	41912	123097
1270	41953	123087
1271	41987	123056
1272	42030	123052
1273	42112	123163
1274	42152	123152
1275	42192	123138
1276	42225	123106
1277	42259	123075
1278	42292	123042
1279	42326	123011
1280	42359	122978
1281	42395	122953
1282	42429	122924
1283	42472	122917
1284	42504	122881
1285	42559	122912
1286	42600	122903
1287	42644	122901
1288	42682	122882
1289	42725	122877
1290	42769	122875
1291	42839	122948
1292	42904	123007
1293	42943	122990
1294	42980	122968
1295	43020	122953
1296	43063	122947
1297	43101	122927
1298	43138	122905
1299	43184	122910
1300	43230	122913
1301	43279	122924
1302	43324	122925
1303	43379	122953
1304	43463	123064
1305	43499	123037
1306	43533	123006
1307	43562	122960
1308	43585	122898
1309	43602	122819
1310	43620	122743
1311	43637	122663
1312	43656	122591
1313	43676	122519
1314	43695	122446
1315	43713	122372
1316	43729	122290
1317	43748	122217
1318	43767	122145
1319	43787	122075
1320	43805	121999
1321	43825	121928
1322	43845	121858
1323	43865	121788
1324	43884	121717
1325	43933	121728
1326	43950	121651
1327	43967	121573
1328	43989	121508
1329	44009	121439
1330	44026	121362
1331	44046	121291
1332	44066	121224
1333	44083	121148
1334	44103	121077
1335	44125	121015
1336	44145	120946
1337	44172	120895
1338	44205	120864
1339	44229	120805
1340	44279	120820
1341	44299	120749
1342	44317	120676
1343	44335	120603
1344	44354	120531
1345	44372	120457
1346	44391	120386
1347	44412	120321
1348	44436	120264
1349	44456	120197
1350	44474	120124
1351	44493	120052
1352	44512	119982
1353	44533	119918
1354	44552	119848
1355	44572	119780
1356	44590	119706
1357	44608	119634
1358	44626	119561
1359	44645	119492
1360	44663	119418
1361	44678	119338
1362	44692	119256
1363	44713	119193
1364	44730	119118
1365	44750	119049
1366	44768	118977
1367	44785	118904
1368	44799	118823
1369	44818	118751
1370	44836	118682
1371	44854	118609
1372	44872	118538
1373	44891	118470
1374	44911	118403
1375	44930	118335
1376	44949	118264
1377	44968	118196
1378	44989	118132
1379	45007	118064
1380	45025	117991
1381	45044	117922
1382	45062	117854
1383	45081	117785
1384	45099	117714
1385	45117	117644
1386	45132	117566
1387	45150	117496
1388	45175	117442
1389	45199	117389
1390	45218	117320
1391	45235	117249
1392	45253	117177
1393	45271	117108
1394	45289	117038
1395	45305	116964
1396	45324	116895
1397	45342	116827
1398	45359	116753
1399	45376	116682
1400	45395	116614
1401	45412	116544
1402	45428	116468
1403	45446	116399
1404	45466	116335
1405	45486	116271
1406	45505	116205
1407	45524	116138
1408	45542	116070
1409	45560	116001
1410	45579	115934
1411	45602	115879
1412	45626	115827
1413	45648	115767
1414	45666	115700
1415	45684	115630
1416	45699	115555
1417	45718	115489
1418	45735	115419
1419	45752	115348
1420	45770	115278
1421	45788	115211
1422	45806	115143
1423	45821	115069
1424	45840	115002
1425	45859	114937
1426	45876	114867
1427	45895	114804
1428	45912	114734
1429	45929	114663
1430	45947	114595
1431	45965	114527
1432	45982	114459
1433	45999	114390
1434	46019	114326
1435	46037	114260
1436	46058	114201
1437	46077	114136
1438	46097	114074
1439	46117	114011
1440	46137	113949
1441	46159	113894
1442	46184	113844
1443	46207	113790
1444	46226	113727
1445	46246	113665
1446	46267	113606
1447	46287	113543
1448	46308	113486
1449	46328	113424
1450	46348	113363
1451	46372	113313
1452	46400	113270
1453	46419	113208
1454	46438	113143
1455	46459	113084
1456	46478	113022
1457	46496	112957
1458	46516	112894
1459	46534	112830
1460	46553	112767
1461	46570	112700
1462	46591	112641
1463	46610	112577
1464	46628	112512
1465	46646	112448
1466	46665	112385
1467	46683	112319
1468	46704	112262
1469	46722	112197
1470	46741	112134
1471	46762	112078
1472	46782	112018
1473	46803	111960
1474	46825	111904
1475	46844	111843
1476	46864	111781
1477	46882	111719
1478	46902	111658
1479	46935	111629
1480	46955	111570
1481	46972	111503
1482	46991	111442
1483	47010	111379
1484	47028	111315
1485	47046	111252
1486	47067	111195
1487	47087	111136
1488	47106	111075
1489	47124	111010
1490	47142	110948
1491	47169	110904
1492	47193	110856
1493	47211	110793
1494	47230	110730
1495	47247	110666
1496	47265	110600
1497	47282	110536
1498	47303	110479
1499	47322	110419
1500	47339	110354
1501	47357	110290
1502	47376	110229
1503	47390	110157
1504	47410	110098
1505	47428	110036
1506	47456	109996
1507	47481	109951
1508	47506	109904
1509	47536	109869
1510	47663	110057
1511	47714	110070
1512	47770	110095
1513	47808	110079
1514	47831	110027
1515	47853	109974
1516	47875	109921
1517	47899	109873
1518	47932	109844
1519	47954	109791
1520	47979	109743
1521	47999	109685
1522	48024	109638
1523	48046	109585
1524	48070	109537
1525	48094	109488
1526	48120	109444
1527	48149	109406
1528	48192	109402
1529	48217	109356
1530	48241	109308
1531	48264	109257
1532	48295	109224
1533	48317	109171
1534	48371	109190
1535	48392	109134
1536	48414	109081
1537	48434	109025
1538	48457	108974
1539	48495	108957
1540	48525	108923
1541	48558	108894
1542	48591	108866
1543	48626	108841
1544	48653	108801
1545	48677	108752
1546	48712	108728
1547	48741	108692
1548	48783	108684
1549	48837	108703
1550	48870	108675
1551	48900	108640
1552	48929	108602
1553	48956	108562
1554	48989	108533
1555	49019	108497
1556	49047	108459
1557	49083	108437
1558	49112	108401
1559	49140	108361
1560	49175	108336
1561	49207	108306
1562	49237	108271
1563	49271	108245
1564	49320	108252
1565	49356	108231
1566	49391	108206
1567	49419	108167
1568	49444	108121
1569	49473	108084
1570	49495	108032
1571	49551	108055
1572	49583	108025
1573	49616	107995
1574	49645	107958
1575	49686	107948
1576	49711	107903
1577	49778	107948
1578	49809	107915
1579	49867	107942
1580	49892	107894
1581	49922	107859
1582	49947	107815
1583	49977	107779
1584	50012	107755
1585	50042	107721
1586	50076	107695
1587	50112	107672
1588	50143	107639
1589	50189	107638
1590	50225	107616
1591	50252	107575
1592	50281	107539
1593	50317	107516
1594	50349	107486
1595	50385	107464
1596	50419	107437
1597	50448	107399
1598	50474	107356
1599	50501	107315
1600	50525	107269
1601	50553	107228
1602	50575	107177
1603	50611	107154
1604	50632	107101
1605	50660	107061
1606	50686	107018
1607	50707	106964
1608	50727	106908
1609	50753	106865
1610	50776	106816
1611	50802	106772
1612	50825	106723
1613	50846	106671
1614	50869	106621
1615	50901	106591
1616	50925	106543
1617	50948	106493
1618	50969	106440
1619	50991	106390
1620	51014	106339
1621	51031	106279
1622	51052	106225
1623	51072	106169
1624	51092	106116
1625	51113	106061
1626	51132	106005
1627	51153	105952
1628	51192	105936
1629	51208	105873
1630	51227	105816
1631	51247	105761
1632	51267	105706
1633	51285	105647
1634	51306	105594
1635	51325	105538
1636	51345	105482
1637	51363	105423
1638	51379	105361
1639	51399	105307
1640	51420	105253
1641	51441	105201
1642	51462	105147
1643	51481	105092
1644	51502	105040
1645	51522	104985
1646	51539	104924
1647	51559	104870
1648	51578	104815
1649	51597	104758
1650	51618	104706
1651	51640	104657
1652	51662	104605
1653	51694	104575
1654	51714	104522
1655	51734	104469
1656	51755	104417
1657	51783	104378
1658	51808	104335
1659	51832	104290
1660	51856	104242
1661	51879	104196
1662	51936	104215
1663	51962	104175
1664	51985	104126
1665	52005	104074
1666	52027	104023
1667	52049	103974
1668	52072	103927
1669	52094	103877
1670	52115	103826
1671	52146	103793
1672	52177	103761
1673	52208	103731
1674	52243	103706
1675	52265	103658
1676	52289	103612
1677	52312	103564
1678	52333	103514
1679	52356	103467
1680	52380	103421
1681	52402	103372
1682	52423	103321
1683	52444	103269
1684	52462	103212
1685	52479	103154
1686	52509	103121
1687	52538	103085
1688	52560	103035
1689	52580	102983
1690	52603	102935
1691	52623	102884
1692	52644	102831
1693	52662	102776
1694	52685	102728
1695	52704	102673
1696	52724	102620
1697	52742	102565
1698	52762	102511
1699	52782	102459
1700	52814	102431
1701	52832	102374
1702	52854	102326
1703	52872	102270
1704	52893	102219
1705	52913	102166
1706	52932	102112
1707	52952	102061
1708	52970	102004
1709	52988	101949
1710	53009	101897
1711	53026	101839
1712	53045	101787
1713	53065	101735
1714	53089	101689
1715	53108	101637
1716	53131	101589
1717	53156	101547
1718	53185	101513
1719	53206	101463
1720	53227	101412
1721	53246	101360
1722	53267	101310
1723	53287	101258
1724	53309	101209
1725	53328	101157
1726	53351	101110
1727	53370	101058
1728	53389	101005
1729	53406	100946
1730	53427	100898
1731	53446	100845
1732	53464	100789
1733	53484	100739
1734	53505	100688
1735	53523	100634
1736	53543	100583
1737	53565	100535
1738	53587	100487
1739	53606	100435
1740	53626	100384
1741	53646	100333
1742	53666	100282
1743	53687	100233
1744	53704	100176
1745	53725	100128
1746	53747	100079
1747	53768	100031
1748	53797	99997
1749	53819	99951
1750	53844	99909
1751	53866	99862
1752	53906	99848
1753	53927	99799
1754	53968	99788
1755	53990	99740
1756	54009	99688
1757	54032	99643
1758	54050	99589
1759	54071	99540
1760	54092	99492
1761	54111	99440
1762	54135	99397
1763	54161	99358
1764	54188	99319
1765	54207	99267
1766	54227	99218
1767	54246	99164
1768	54270	99123
1769	54291	99073
1770	54310	99022
1771	54329	98970
1772	54350	98922
1773	54369	98871
1774	54387	98816
1775	54406	98765
1776	54427	98716
1777	54447	98667
1778	54469	98621
1779	54489	98571
1780	54509	98521
1781	54531	98474
1782	54551	98425
1783	54571	98375
1784	54593	98329
1785	54613	98280
1786	54634	98231
1787	54653	98180
1788	54674	98133
1789	54696	98087
1790	54716	98037
1791	54737	97989
1792	54760	97946
1793	54781	97899
1794	54799	97844
1795	54815	97789
1796	54835	97739
1797	54854	97688
1798	54874	97638
1799	54890	97582
1800	54907	97527
1801	54924	97474
1802	54943	97423
1803	54963	97374
1804	54984	97326
1805	55002	97274
1806	55022	97225
1807	55042	97176
1808	55062	97128
1809	55081	97077
1810	55101	97028
1811	55120	96977
1812	55145	96937
1813	55169	96896
1814	55189	96847
1815	55207	96795
1816	55228	96749
1817	55248	96700
1818	55269	96654
1819	55290	96606
1820	55315	96566
1821	55336	96519
1822	55356	96470
1823	55375	96421
1824	55394	96371
1825	55415	96324
1826	55436	96277
1827	55460	96236
1828	55482	96191
1829	55515	96166
1830	55537	96121
1831	55560	96077
1832	55583	96036
1833	55607	95993
1834	55627	95946
1835	55651	95904
1836	55672	95859
1837	55695	95815
1838	55723	95782
1839	55746	95739
1840	55764	95687
1841	55785	95640
1842	55804	95591
1843	55826	95546
1844	55849	95504
1845	55874	95464
1846	55918	95458
1847	55949	95428
1848	55972	95386
1849	55995	95343
1850	56014	95294
1851	56035	95247
1852	56053	95197
1853	56073	95149
1854	56092	95099
1855	56108	95046
1856	56135	95009
1857	56161	94973
1858	56182	94927
1859	56203	94881
1860	56223	94833
1861	56242	94784
1862	56261	94735
1863	56282	94689
1864	56299	94637
1865	56317	94586
1866	56336	94538
1867	56384	94537
1868	56403	94489
1869	56422	94439
1870	56441	94391
1871	56461	94343
1872	56482	94297
1873	56502	94251
1874	56522	94203
1875	56542	94157
1876	56562	94110
1877	56581	94061
1878	56600	94012
1879	56619	93964
1880	56640	93919
1881	56660	93871
1882	56678	93822
1883	56696	93771
1884	56718	93727
1885	56739	93683
1886	56757	93632
1887	56777	93586
1888	56794	93535
1889	56814	93488
1890	56834	93441
1891	56881	93439
1892	56901	93392
1893	56927	93356
1894	56947	93308
1895	56967	93263
1896	56988	93217
1897	57007	93170
1898	57027	93123
1899	57046	93076
1900	57068	93032
1901	57084	92980
1902	57104	92934
1903	57129	92895
1904	57153	92855
1905	57171	92805
1906	57192	92761
1907	57208	92709
1908	57229	92665
1909	57250	92620
1910	57272	92576
1911	57293	92532
1912	57312	92485
1913	57333	92439
1914	57353	92395
1915	57391	92377
1916	57411	92331
1917	57432	92287
1918	57454	92243
1919	57487	92219
1920	57508	92174
1921	57527	92127
1922	57545	92079
1923	57566	92035
1924	57587	91990
1925	57604	91940
1926	57622	91891
1927	57642	91845
1928	57663	91800
1929	57684	91757
1930	57706	91714
1931	57726	91669
1932	57745	91622
1933	57766	91577
1934	57789	91537
1935	57808	91489
1936	57828	91444
1937	57849	91401
1938	57870	91356
1939	57890	91311
1940	57908	91263
1941	57930	91221
1942	57950	91175
1943	57972	91133
1944	57993	91089
1945	58010	91039
1946	58031	90996
1947	58049	90947
1948	58070	90903
1949	58093	90864
1950	58113	90818
1951	58142	90788
1952	58164	90746
1953	58185	90702
1954	58205	90657
1955	58224	90610
1956	58243	90563
1957	58259	90513
1958	58277	90465
1959	58296	90418
1960	58316	90373
1961	58336	90329
1962	58353	90279
1963	58373	90234
1964	58392	90188
1965	58412	90144
1966	58433	90100
1967	58452	90055
1968	58472	90010
1969	58492	89965
1970	58514	89923
1971	58538	89885
1972	58557	89838
1973	58578	89796
1974	58597	89750
1975	58617	89705
1976	58636	89660
1977	58654	89613
1978	58673	89566
1979	58691	89518
1980	58710	89473
1981	58729	89427
1982	58748	89381
1983	58764	89331
1984	58781	89282
1985	58799	89235
1986	58817	89188
1987	58835	89140
1988	58853	89094
1989	58869	89044
1990	58888	88998
1991	58906	88951
1992	58925	88904
1993	58942	88857
1994	58962	88813
1995	58980	88766
1996	58998	88718
1997	59015	88670
1998	59033	88624
1999	59048	88573
2000	59067	88527
2001	59085	88480
2002	59103	88433
2003	59125	88393
2004	59150	88357
2005	59176	88322
2006	59200	88284
2007	59219	88238
2008	59234	88188
2009	59253	88143
2010	59271	88097
2011	59294	88056
2012	59312	88011
2013	59332	87966
2014	59346	87915
2015	59367	87873
2016	59385	87827
2017	59407	87786
2018	59427	87742
2019	59442	87692
2020	59457	87641
2021	59476	87596
2022	59495	87552
2023	59513	87506
2024	59531	87460
2025	59550	87415
2026	59569	87370
2027	59588	87325
2028	59606	87280
2029	59625	87235
2030	59644	87190
2031	59662	87144
2032	59679	87097
2033	59697	87051
2034	59717	87007
2035	59736	86964
2036	59752	86915
2037	59767	86865
2038	59784	86817
2039	59804	86774
2040	59820	86726
2041	59838	86681
2042	59857	86636
2043	59876	86592
2044	59895	86548
2045	59913	86503
2046	59932	86458
2047	59950	86413
2048	59966	86365
2049	59986	86322
2050	60005	86278
2051	60026	86236
2052	60045	86192
2053	60077	86167
2054	60096	86123
2055	60122	86089
2056	60146	86052
2057	60164	86007
2058	60183	85963
2059	60201	85918
2060	60218	85871
2061	60236	85826
2062	60252	85779
2063	60272	85736
2064	60289	85690
2065	60307	85644
2066	60324	85598
2067	60344	85556
2068	60362	85511
2069	60381	85468
2070	60400	85423
2071	60419	85380
2072	60437	85335
2073	60456	85292
2074	60475	85248
2075	60494	85205
2076	60511	85158
2077	60526	85110
2078	60545	85066
2079	60566	85026
2080	60583	84980
2081	60603	84937
2082	60621	84893
2083	60642	84852
2084	60662	84810
2085	60680	84767
2086	60704	84730
2087	60727	84692
2088	60749	84653
2089	60769	84612
2090	60787	84568
2091	60808	84527
2092	60829	84487
2093	60849	84445
2094	60868	84402
2095	60889	84361
2096	60911	84322
2097	60931	84282
2098	60951	84239
2099	60977	84207
2100	60997	84166
2101	61017	84123
2102	61037	84082
2103	61093	84090
2104	61116	84052
2105	61139	84016
2106	61160	83975
2107	61177	83930
2108	61196	83887
2109	61215	83845
2110	61235	83803
2111	61255	83762
2112	61274	83719
2113	61293	83676
2114	61312	83634
2115	61332	83593
2116	61359	83560
2117	61379	83519
2118	61396	83475
2119	61416	83434
2120	61435	83391
2121	61455	83350
2122	61475	83308
2123	61495	83268
2124	61514	83225
2125	61534	83184
2126	61557	83147
2127	61577	83106
2128	61598	83066
2129	61617	83024
2130	61639	82985
2131	61660	82946
2132	61678	82902
2133	61698	82861
2134	61720	82823
2135	61740	82783
2136	61760	82741
2137	61781	82703
2138	61801	82661
2139	61821	82621
2140	61842	82581
2141	61861	82539
2142	61882	82500
2143	61903	82460
2144	61923	82420
2145	61943	82379
2146	61960	82335
2147	61979	82293
2148	61997	82250
2149	62018	82210
2150	62036	82167
2151	62056	82126
2152	62074	82083
2153	62096	82046
2154	62120	82010
2155	62142	81973
2156	62162	81931
2157	62181	81890
2158	62198	81846
2159	62216	81803
2160	62233	81759
2161	62254	81720
2162	62276	81681
2163	62295	81640
2164	62314	81598
2165	62333	81556
2166	62365	81532
2167	62394	81503
2168	62419	81470
2169	62448	81441
2170	62470	81404
2171	62486	81358
2172	62504	81316
2173	62525	81277
2174	62543	81235
2175	62565	81197
2176	62585	81157
2177	62601	81111
2178	62621	81071
2179	62641	81031
2180	62660	80990
2181	62679	80949
2182	62697	80906
2183	62715	80864
2184	62732	80820
2185	62752	80780
2186	62770	80737
2187	62788	80695
2188	62804	80650
2189	62820	80605
2190	62838	80563
2191	62859	80523
2192	62878	80483
2193	62898	80443
2194	62917	80402
2195	62945	80373
2196	62966	80334
2197	62989	80298
2198	63013	80264
2199	63032	80223
2200	63062	80195
2201	63100	80179
2202	63130	80152
2203	63157	80121
2204	63176	80081
2205	63196	80041
2206	63218	80003
2207	63237	79963
2208	63256	79922
2209	63275	79882
2210	63293	79839
2211	63313	79799
2212	63331	79758
2213	63351	79718
2214	63369	79677
2215	63389	79637
2216	63408	79596
2217	63424	79552
2218	63443	79511
2219	63461	79469
2220	63477	79425
2221	63512	79404
2222	63531	79364
2223	63549	79323
2224	63568	79281
2225	63584	79238
2226	63603	79197
2227	63622	79157
2228	63642	79117
2229	63661	79076
2230	63678	79034
2231	63698	78995
2232	63718	78956
2233	63738	78916
2234	63758	78878
2235	63775	78835
2236	63791	78791
2237	63809	78749
2238	63828	78709
2239	63846	78667
2240	63864	78627
2241	63882	78585
2242	63901	78544
2243	63919	78504
2244	63938	78462
2245	63957	78423
2246	63977	78385
2247	63996	78344
2248	64014	78303
2249	64033	78263
2250	64053	78224
2251	64070	78181
2252	64091	78144
2253	64119	78115
2254	64140	78077
2255	64158	78037
2256	64178	77998
2257	64199	77960
2258	64216	77918
2259	64234	77876
2260	64252	77835
2261	64272	77797
2262	64291	77758
2263	64309	77716
2264	64327	77676
2265	64345	77635
2266	64364	77595
2267	64384	77556
2268	64406	77520
2269	64426	77482
2270	64449	77447
2271	64468	77407
2272	64487	77368
2273	64507	77329
2274	64526	77289
2275	64571	77282
2276	64592	77244
2277	64612	77206
2278	64633	77168
2279	64654	77131
2280	64676	77096
2281	64697	77058
2282	64714	77016
2283	64735	76979
2284	64757	76944
2285	64779	76908
2286	64805	76876
2287	64834	76848
2288	64855	76812
2289	64877	76776
2290	64897	76738
2291	64918	76700
2292	64939	76664
2293	64961	76628
2294	64979	76588
2295	65001	76552
2296	65021	76514
2297	65041	76475
2298	65061	76437
2299	65082	76401
2300	65113	76375
2301	65143	76349
2302	65165	76314
2303	65186	76277
2304	65211	76244
2305	65236	76213
2306	65257	76175
2307	65280	76141
2308	65301	76105
2309	65319	76064
2310	65340	76027
2311	65361	75990
2312	65381	75952
2313	65401	75915
2314	65423	75879
2315	65445	75844
2316	65468	75810
2317	65492	75776
2318	65518	75745
2319	65544	75715
2320	65566	75679
2321	65589	75644
2322	65612	75611
2323	65633	75574
2324	65653	75536
2325	65675	75501
2326	65694	75462
2327	65717	75427
2328	65743	75397
2329	65764	75360
2330	65793	75333
2331	65822	75306
2332	65843	75269
2333	65862	75231
2334	65886	75198
2335	65907	75161
2336	65929	75126
2337	65951	75090
2338	65975	75058
2339	66005	75031
2340	66022	74991
2341	66043	74954
2342	66062	74915
2343	66084	74881
2344	66109	74848
2345	66132	74814
2346	66151	74776
2347	66171	74738
2348	66190	74700
2349	66210	74662
2350	66228	74623
2351	66247	74584
2352	66267	74547
2353	66285	74508
2354	66304	74469
2355	66321	74428
2356	66337	74387
2357	66358	74351
2358	66377	74312
2359	66395	74273
2360	66413	74233
2361	66434	74197
2362	66455	74161
2363	66475	74123
2364	66495	74086
2365	66516	74050
2366	66535	74012
2367	66554	73974
2368	66571	73934
2369	66590	73895
2370	66610	73858
2371	66630	73821
2372	66649	73783
2373	66668	73745
2374	66684	73704
2375	66703	73665
2376	66717	73622
2377	66736	73584
2378	66751	73542
2379	66772	73505
2380	66791	73468
2381	66810	73429
2382	66826	73388
2383	66841	73346
2384	66857	73304
2385	66876	73266
2386	66894	73228
2387	66911	73188
2388	66927	73147
2389	66945	73107
2390	66963	73068
2391	66981	73030
2392	66999	72990
2393	67017	72952
2394	67034	72912
2395	67049	72870
2396	67067	72831
2397	67090	72797
2398	67117	72769
2399	67135	72729
2400	67154	72692
2401	67172	72653
2402	67190	72615
2403	67205	72572
2404	67226	72537
2405	67243	72497
2406	67261	72459
2407	67279	72420
2408	67298	72382
2409	67318	72346
2410	67337	72308
2411	67351	72266
2412	67370	72228
2413	67385	72187
2414	67403	72148
2415	67422	72110
2416	67440	72072
2417	67459	72035
2418	67479	71998
2419	67498	71961
2420	67517	71924
2421	67538	71888
2422	67554	71848
2423	67574	71811
2424	67589	71770
2425	67606	71731
2426	67626	71694
2427	67646	71658
2428	67665	71621
2429	67684	71583
2430	67702	71546
2431	67723	71511
2432	67740	71471
2433	67756	71431
2434	67773	71391
2435	67791	71353
2436	67808	71314
2437	67828	71278
2438	67846	71240
2439	67864	71202
2440	67882	71164
2441	67910	71136
2442	67929	71099
2443	67948	71062
2444	67967	71025
2445	67986	70988
2446	68005	70951
2447	68024	70914
2448	68042	70876
2449	68060	70838
2450	68079	70801
2451	68106	70773
2452	68127	70738
2453	68146	70701
2454	68165	70664
2455	68184	70627
2456	68201	70588
2457	68220	70551
2458	68239	70515
2459	68257	70477
2460	68274	70437
2461	68293	70401
2462	68310	70362
2463	68329	70326
2464	68349	70290
2465	68373	70259
2466	68400	70230
2467	68419	70193
2468	68439	70157
2469	68457	70119
2470	68477	70084
2471	68496	70048
2472	68514	70011
2473	68534	69974
2474	68551	69936
2475	68571	69900
2476	68588	69862
2477	68606	69825
2478	68626	69788
2479	68644	69751
2480	68663	69714
2481	68678	69674
2482	68698	69638
2483	68718	69603
2484	68737	69567
2485	68758	69532
2486	68777	69496
2487	68797	69461
2488	68817	69425
2489	68837	69390
2490	68855	69353
2491	68875	69318
2492	68893	69279
2493	68914	69245
2494	68939	69215
2495	68959	69180
2496	68980	69146
2497	69000	69110
2498	69022	69077
2499	69043	69043
2500	69066	69011
2501	69093	68983
2502	69122	68956
2503	69139	68918
2504	69160	68884
2505	69182	68851
2506	69204	68817
2507	69226	68784
2508	69246	68749
2509	69267	68715
2510	69291	68684
2511	69313	68651
2512	69334	68617
2513	69354	68581
2514	69375	68548
2515	69395	68513
2516	69416	68479
2517	69438	68445
2518	69474	68426
2519	69497	68394
2520	69518	68359
2521	69536	68323
2522	69557	68289
2523	69579	68256
2524	69595	68217
2525	69613	68180
2526	69634	68146
2527	69649	68106
2528	69666	68068
2529	69681	68029
2530	69700	67993
2531	69725	67962
2532	69746	67929
2533	69762	67890
2534	69780	67853
2535	69799	67817
2536	69817	67781
2537	69835	67744
2538	69855	67709
2539	69874	67673
2540	69894	67638
2541	69911	67601
2542	69928	67563
2543	69943	67523
2544	69961	67487
2545	69979	67451
2546	69998	67415
2547	70018	67380
2548	70038	67345
2549	70056	67309
2550	70081	67279
2551	70105	67248
2552	70132	67220
2553	70150	67184
2554	70173	67151
2555	70194	67118
2556	70212	67082
2557	70233	67048
2558	70254	67014
2559	70272	66978
2560	70293	66944
2561	70317	66913
2562	70336	66879
2563	70357	66844
2564	70377	66810
2565	70397	66776
2566	70419	66743
2567	70445	66714
2568	70466	66681
2569	70509	66668
2570	70543	66647
2571	70570	66619
2572	70608	66601
2573	70630	66569
2574	70651	66535
2575	70670	66500
2576	70689	66465
2577	70708	66429
2578	70727	66394
2579	70747	66359
2580	70766	66324
2581	70783	66287
2582	70802	66252
2583	70819	66214
2584	70838	66179
2585	70857	66144
2586	70876	66108
2587	70894	66073
2588	70913	66038
2589	70934	66004
2590	70953	65969
2591	70971	65933
2592	70989	65897
2593	71008	65862
2594	71026	65826
2595	71045	65790
2596	71066	65757
2597	71095	65731
2598	71118	65700
2599	71135	65663
2600	71153	65627
2601	71171	65591
2602	71190	65556
2603	71209	65521
2604	71228	65486
2605	71245	65449
2606	71261	65411
2607	71279	65376
2608	71298	65340
2609	71319	65308
2610	71340	65274
2611	71361	65241
2612	71377	65204
2613	71397	65170
2614	71419	65137
2615	71438	65102
2616	71457	65067
2617	71476	65032
2618	71495	64998
2619	71511	64960
2620	71527	64923
2621	71547	64889
2622	71567	64855
2623	71584	64819
2624	71605	64786
2625	71623	64749
2626	71640	64713
2627	71659	64679
2628	71680	64646
2629	71699	64611
2630	71720	64578
2631	71735	64540
2632	71752	64503
2633	71773	64470
2634	71793	64437
2635	71814	64404
2636	71830	64366
2637	71851	64334
2638	71871	64300
2639	71891	64266
2640	71910	64231
2641	71931	64199
2642	71952	64166
2643	71974	64134
2644	71992	64099
2645	72014	64067
2646	72035	64034
2647	72104	64044
2648	72122	64009
2649	72143	63976
2650	72163	63942
2651	72183	63909
2652	72207	63878
2653	72228	63846
2654	72251	63815
2655	72272	63782
2656	72291	63748
2657	72309	63712
2658	72327	63677
2659	72345	63642
2660	72365	63608
2661	72382	63572
2662	72398	63535
2663	72415	63499
2664	72433	63464
2665	72451	63429
2666	72468	63393
2667	72488	63359
2668	72503	63321
2669	72518	63284
2670	72534	63246
2671	72548	63208
2672	72567	63173
2673	72587	63140
2674	72602	63103
2675	72620	63068
2676	72640	63034
2677	72658	62999
2678	72677	62965
2679	72695	62930
2680	72710	62893
2681	72730	62859
2682	72749	62825
2683	72766	62789
2684	72784	62754
2685	72804	62721
2686	72815	62680
2687	72832	62644
2688	72849	62609
2689	72866	62573
2690	72885	62538
2691	72903	62504
2692	72919	62467
2693	72938	62433
2694	72956	62398
2695	72971	62361
2696	72989	62326
2697	73007	62291
2698	73028	62259
2699	73047	62225
2700	73118	62235
2701	73142	62206
2702	73165	62175
2703	73182	62139
2704	73201	62106
2705	73219	62071
2706	73237	62037
2707	73255	62001
2708	73270	61964
2709	73286	61928
2710	73302	61892
2711	73321	61858
2712	73338	61823
2713	73357	61788
2714	73375	61754
2715	73391	61718
2716	73409	61683
2717	73427	61648
2718	73446	61614
2719	73461	61578
2720	73480	61544
2721	73499	61510
2722	73518	61477
2723	73534	61440
2724	73552	61406
2725	73572	61373
2726	73592	61340
2727	73615	61310
2728	73633	61275
2729	73651	61241
2730	73669	61207
2731	73688	61173
2732	73707	61139
2733	73727	61106
2734	73745	61072
2735	73764	61039
2736	73782	61004
2737	73800	60970
2738	73818	60935
2739	73835	60900
2740	73851	60864
2741	73870	60831
2742	73888	60797
2743	73907	60763
2744	73927	60730
2745	73945	60696
2746	73961	60661
2747	73979	60626
2748	73996	60591
2749	74015	60558
2750	74035	60525
2751	74053	60491
2752	74080	60464
2753	74103	60434
2754	74121	60400
2755	74139	60365
2756	74157	60332
2757	74176	60298
2758	74195	60265
2759	74214	60232
2760	74234	60199
2761	74252	60165
2762	74270	60131
2763	74288	60097
2764	74308	60065
2765	74327	60032
2766	74362	60011
2767	74381	59978
2768	74401	59945
2769	74420	59912
2770	74439	59879
2771	74458	59846
2772	74480	59815
2773	74502	59784
2774	74521	59751
2775	74541	59718
2776	74561	59686
2777	74579	59652
2778	74597	59618
2779	74615	59585
2780	74635	59552
2781	74654	59519
2782	74672	59485
2783	74690	59451
2784	74709	59418
2785	74727	59384
2786	74746	59352
2787	74765	59318
2788	74785	59286
2789	74803	59253
2790	74821	59219
2791	74840	59186
2792	74862	59155
2793	74883	59123
2794	74902	59091
2795	74922	59058
2796	74940	59025
2797	74956	58989
2798	74973	58955
2799	74991	58922
2800	75011	58890
2801	75030	58856
2802	75049	58823
2803	75073	58795
2804	75097	58766
2805	75116	58733
2806	75134	58699
2807	75151	58665
2808	75168	58630
2809	75183	58594
2810	75201	58561
2811	75220	58528
2812	75241	58497
2813	75260	58464
2814	75274	58428
2815	75293	58394
2816	75311	58361
2817	75329	58327
2818	75348	58295
2819	75369	58264
2820	75387	58230
2821	75405	58197
2822	75424	58164
2823	75443	58132
2824	75462	58099
2825	75483	58068
2826	75500	58034
2827	75518	58001
2828	75537	57968
2829	75556	57935
2830	75572	57900
2831	75590	57867
2832	75608	57833
2833	75625	57800
2834	75644	57767
2835	75662	57733
2836	75680	57700
2837	75699	57668
2838	75718	57635
2839	75735	57601
2840	75751	57566
2841	75770	57534
2842	75789	57501
2843	75808	57469
2844	75825	57435
2845	75845	57403
2846	75861	57369
2847	75880	57336
2848	75898	57303
2849	75916	57270
2850	75934	57237
2851	75952	57204
2852	75970	57171
2853	75988	57138
2854	76005	57104
2855	76024	57071
2856	76042	57038
2857	76067	57010
2858	76091	56982
2859	76109	56949
2860	76126	56915
2861	76145	56882
2862	76162	56849
2863	76180	56816
2864	76199	56783
2865	76217	56750
2866	76234	56717
2867	76253	56684
2868	76271	56652
2869	76290	56619
2870	76307	56585
2871	76326	56553
2872	76344	56520
2873	76361	56487
2874	76379	56454
2875	76397	56421
2876	76416	56389
2877	76433	56355
2878	76451	56322
2879	76469	56290
2880	76486	56256
2881	76504	56223
2882	76521	56190
2883	76540	56158
2884	76557	56124
2885	76574	56090
2886	76593	56058
2887	76612	56026
2888	76630	55994
2889	76649	55962
2890	76666	55928
2891	76683	55895
2892	76701	55862
2893	76719	55829
2894	76737	55796
2895	76755	55764
2896	76774	55732
2897	76793	55700
2898	76811	55667
2899	76828	55634
2900	76846	55601
2901	76865	55569
2902	76882	55536
2903	76901	55504
2904	76919	55472
2905	76938	55440
2906	76956	55407
2907	76975	55375
2908	76993	55343
2909	77011	55310
2910	77029	55277
2911	77049	55247
2912	77074	55219
2913	77092	55186
2914	77106	55151
2915	77125	55119
2916	77139	55084
2917	77157	55052
2918	77174	55018
2919	77194	54987
2920	77212	54955
2921	77229	54922
2922	77246	54889
2923	77264	54856
2924	77282	54824
2925	77300	54792
2926	77316	54758
2927	77334	54725
2928	77353	54694
2929	77374	54663
2930	77393	54632
2931	77413	54601
2932	77432	54569
2933	77450	54537
2934	77466	54503
2935	77488	54474
2936	77511	54445
2937	77534	54416
2938	77556	54386
2939	77577	54356
2940	77598	54326
2941	77617	54295
2942	77651	54274
2943	77669	54241
2944	77687	54210
2945	77708	54179
2946	77724	54146
2947	77742	54114
2948	77760	54081
2949	77780	54050
2950	77799	54019
2951	77820	53989
2952	77839	53957
2953	77858	53926
2954	77877	53895
2955	77896	53863
2956	77939	53848
2957	77958	53816
2958	77974	53783
2959	77993	53752
2960	78012	53720
2961	78030	53688
2962	78050	53658
2963	78073	53629
2964	78094	53599
2965	78111	53566
2966	78134	53537
2967	78154	53507
2968	78172	53475
2969	78193	53445
2970	78216	53416
2971	78235	53385
2972	78251	53351
2973	78267	53318
2974	78289	53289
2975	78313	53261
2976	78335	53232
2977	78356	53202
2978	78374	53170
2979	78391	53138
2980	78411	53107
2981	78429	53075
2982	78450	53045
2983	78469	53013
2984	78487	52982
2985	78503	52949
2986	78521	52916
2987	78540	52885
2988	78561	52856
2989	78578	52823
2990	78600	52794
2991	78618	52762
2992	78640	52733
2993	78665	52706
2994	78690	52679
2995	78715	52652
2996	78731	52619
2997	78750	52587
2998	78769	52556
2999	78788	52525
3000	78807	52494
3001	78824	52462
3002	78841	52429
3003	78859	52397
3004	78879	52367
3005	78897	52335
3006	78916	52304
3007	78934	52273
3008	78953	52242
3009	78972	52210
3010	78989	52178
3011	79013	52150
3012	79031	52119
3013	79057	52093
3014	79082	52065
3015	79099	52033
3016	79118	52002
3017	79138	51972
3018	79158	51942
3019	79178	51911
3020	79197	51880
3021	79212	51847
3022	79229	51814
3023	79247	51783
3024	79266	51752
3025	79283	51720
3026	79303	51690
3027	79327	51662
3028	79350	51633
3029	79371	51604
3030	79406	51584
3031	79435	51559
3032	79457	51530
3033	79482	51503
3034	79502	51473
3035	79524	51444
3036	79544	51414
3037	79564	51384
3038	79585	51354
3039	79611	51328
3040	79631	51298
3041	79649	51267
3042	79668	51236
3043	79686	51204
3044	79705	51173
3045	79724	51142
3046	79745	51113
3047	79761	51080
3048	79781	51050
3049	79797	51018
3050	79816	50987
3051	79834	50956
3052	79854	50925
3053	79872	50894
3054	79892	50864
3055	79910	50832
3056	79928	50802
3057	79947	50771
3058	79964	50739
3059	79981	50707
3060	80001	50676
3061	80020	50646
3062	80037	50614
3063	80059	50586
3064	80080	50556
3065	80096	50523
3066	80110	50490
3067	80129	50459
3068	80147	50428
3069	80165	50397
3070	80183	50366
3071	80201	50335
3072	80220	50304
3073	80240	50274
3074	80261	50244
3075	80278	50213
3076	80298	50183
3077	80316	50152
3078	80336	50122
3079	80358	50093
3080	80381	50065
3081	80400	50035
3082	80420	50005
3083	80439	49974
3084	80458	49943
3085	80477	49913
3086	80505	49888
3087	80538	49867
3088	80568	49843
3089	80593	49816
3090	80617	49789
3091	80636	49758
3092	80654	49727
3093	80672	49696
3094	80690	49665
3095	80709	49635
3096	80727	49604
3097	80745	49573
3098	80765	49543
3099	80782	49511
3100	80799	49480
3101	80816	49448
3102	80835	49418
3103	80851	49385
3104	80870	49355
3105	80888	49324
3106	80905	49293
3107	80924	49262
3108	80943	49232
3109	80961	49201
3110	80980	49171
3111	80998	49140
3112	81016	49109
3113	81037	49080
3114	81057	49050
3115	81081	49023
3116	81097	48991
3117	81115	48960
3118	81132	48929
3119	81150	48898
3120	81164	48865
3121	81181	48833
3122	81200	48803
3123	81219	48773
3124	81238	48743
3125	81257	48712
3126	81275	48682
3127	81295	48652
3128	81310	48620
3129	81330	48590
3130	81349	48560
3131	81367	48529
3132	81382	48496
3133	81400	48466
3134	81414	48433
3135	81433	48402
3136	81448	48370
3137	81462	48337
3138	81482	48308
3139	81503	48279
3140	81523	48249
3141	81541	48218
3142	81557	48186
3143	81575	48156
3144	81593	48126
3145	81612	48096
3146	81630	48065
3147	81650	48035
3148	81668	48005
3149	81685	47974
3150	81706	47945
3151	81725	47915
3152	81742	47884
3153	81760	47853
3154	81778	47823
3155	81796	47792
3156	81812	47760
3157	81828	47729
3158	81847	47698
3159	81865	47668
3160	81884	47638
3161	81905	47610
3162	81925	47580
3163	81943	47550
3164	81961	47519
3165	81981	47490
3166	81999	47459
3167	82016	47428
3168	82040	47401
3169	82065	47375
3170	82084	47345
3171	82101	47314
3172	82119	47284
3173	82135	47252
3174	82154	47222
3175	82171	47191
3176	82189	47161
3177	82207	47130
3178	82226	47101
3179	82242	47069
3180	82258	47038
3181	82277	47008
3182	82295	46978
3183	82313	46947
3184	82332	46917
3185	82350	46887
3186	82369	46857
3187	82387	46827
3188	82404	46796
3189	82423	46767
3190	82441	46736
3191	82460	46706
3192	82476	46675
3193	82494	46645
3194	82511	46614
3195	82528	46583
3196	82547	46553
3197	82564	46523
3198	82582	46493
3199	82600	46462
3200	82619	46433
3201	82638	46403
3202	82653	46371
3203	82667	46339
3204	82687	46310
3205	82705	46280
3206	82724	46250
3207	82744	46221
3208	82764	46192
3209	82782	46162
3210	82801	46132
3211	82819	46102
3212	82838	46072
3213	82856	46043
3214	82873	46012
3215	82892	45982
3216	82910	45952
3217	82928	45922
3218	82944	45891
3219	82960	45860
3220	82979	45830
3221	82998	45801
3222	83016	45771
3223	83036	45742
3224	83062	45716
3225	83083	45688
3226	83102	45658
3227	83122	45629
3228	83141	45600
3229	83158	45569
3230	83176	45539
3231	83194	45510
3232	83212	45479
3233	83229	45449
3234	83247	45419
3235	83266	45389
3236	83286	45361
3237	83303	45330
3238	83320	45300
3239	83339	45270
3240	83358	45241
3241	83376	45211
3242	83394	45181
3243	83411	45151
3244	83430	45121
3245	83449	45092
3246	83466	45062
3247	83484	45032
3248	83500	45001
3249	83517	44971
3250	83536	44941
3251	83556	44912
3252	83574	44883
3253	83592	44853
3254	83610	44823
3255	83629	44794
3256	83643	44762
3257	83663	44733
3258	83682	44704
3259	83701	44675
3260	83719	44645
3261	83739	44616
3262	83757	44586
3263	83775	44557
3264	83791	44526
3265	83811	44497
3266	83827	44466
3267	83841	44435
3268	83856	44403
3269	83876	44374
3270	83894	44345
3271	83911	44315
3272	83929	44285
3273	83947	44255
3274	83967	44227
3275	83986	44197
3276	84003	44167
3277	84025	44140
3278	84046	44112
3279	84067	44084
3280	84085	44054
3281	84102	44024
3282	84117	43993
3283	84132	43962
3284	84151	43933
3285	84168	43902
3286	84187	43873
3287	84203	43843
3288	84220	43813
3289	84238	43783
3290	84258	43754
3291	84277	43726
3292	84296	43696
3293	84313	43667
3294	84332	43637
3295	84350	43608
3296	84369	43579
3297	84388	43550
3298	84406	43521
3299	84425	43491
3300	84441	43461
3301	84460	43432
3302	84479	43403
3303	84496	43373
3304	84513	43343
3305	84528	43312
3306	84545	43282
3307	84561	43252
3308	84578	43222
3309	84596	43192
3310	84613	43162
3311	84631	43133
3312	84649	43104
3313	84668	43075
3314	84684	43044
3315	84700	43014
3316	84715	42983
3317	84733	42954
3318	84751	42924
3319	84770	42896
3320	84790	42867
3321	84809	42838
3322	84828	42810
3323	84850	42782
3324	84866	42752
3325	84885	42723
3326	84900	42692
3327	84919	42663
3328	84937	42634
3329	84952	42603
3330	84969	42573
3331	84986	42544
3332	85001	42513
3333	85022	42485
3334	85050	42461
3335	85069	42432
3336	85087	42403
3337	85107	42375
3338	85126	42346
3339	85144	42317
3340	85161	42287
3341	85181	42259
3342	85200	42230
3343	85220	42202
3344	85236	42172
3345	85252	42142
3346	85270	42113
3347	85289	42084
3348	85308	42055
3349	85326	42026
3350	85342	41996
3351	85361	41967
3352	85379	41938
3353	85396	41908
3354	85414	41879
3355	85435	41852
3356	85452	41822
3357	85472	41794
3358	85491	41765
3359	85510	41737
3360	85529	41708
3361	85548	41679
3362	85567	41651
3363	85586	41622
3364	85604	41593
3365	85623	41565
3366	85643	41537
3367	85664	41509
3368	85699	41488
3369	85719	41460
3370	85738	41432
3371	85758	41404
3372	85777	41375
3373	85797	41347
3374	85816	41318
3375	85837	41291
3376	85858	41263
3377	85877	41235
3378	85897	41207
3379	85915	41178
3380	85935	41150
3381	85954	41121
3382	85973	41093
3383	85988	41063
3384	86005	41033
3385	86028	41007
3386	86049	40979
3387	86070	40952
3388	86089	40923
3389	86106	40894
3390	86119	40862
3391	86135	40833
3392	86151	40803
3393	86170	40774
3394	86188	40745
3395	86207	40717
3396	86224	40687
3397	86241	40658
3398	86260	40630
3399	86279	40602
3400	86294	40571
3401	86311	40542
3402	86329	40513
3403	86347	40484
3404	86365	40456
3405	86383	40427
3406	86402	40398
3407	86420	40370
3408	86437	40340
3409	86456	40312
3410	86473	40283
3411	86491	40254
3412	86509	40225
3413	86529	40197
3414	86546	40168
3415	86562	40138
3416	86579	40109
3417	86599	40081
3418	86617	40053
3419	86633	40023
3420	86651	39994
3421	86668	39965
3422	86685	39936
3423	86703	39907
3424	86722	39879
3425	86740	39851
3426	86756	39821
3427	86774	39792
3428	86789	39762
3429	86806	39733
3430	86825	39705
3431	86842	39676
3432	86859	39647
3433	86877	39618
3434	86894	39589
3435	86912	39560
3436	86940	39536
3437	86959	39508
3438	86978	39480
3439	86993	39450
3440	87040	39435
3441	87059	39406
3442	87076	39378
3443	87094	39349
3444	87114	39321
3445	87131	39292
3446	87149	39264
3447	87168	39236
3448	87186	39207
3449	87206	39179
3450	87225	39151
3451	87242	39122
3452	87260	39093
3453	87276	39064
3454	87297	39037
3455	87315	39008
3456	87333	38980
3457	87352	38952
3458	87368	38923
3459	87386	38894
3460	87404	38866
3461	87422	38837
3462	87438	38808
3463	87457	38780
3464	87475	38751
3465	87494	38723
3466	87513	38695
3467	87531	38667
3468	87547	38638
3469	87567	38610
3470	87584	38581
3471	87600	38552
3472	87618	38523
3473	87637	38495
3474	87654	38467
3475	87674	38439
3476	87693	38411
3477	87722	38387
3478	87739	38359
3479	87758	38331
3480	87776	38302
3481	87797	38275
3482	87818	38248
3483	87838	38221
3484	87857	38193
3485	87877	38166
3486	87894	38137
3487	87914	38109
3488	87933	38081
3489	87951	38053
3490	87970	38025
3491	87989	37997
3492	88010	37970
3493	88037	37946
3494	88058	37919
3495	88093	37898
3496	88112	37870
3497	88132	37842
3498	88150	37814
3499	88168	37786
3500	88186	37758
3501	88205	37730
3502	88224	37702
3503	88242	37674
3504	88262	37646
3505	88281	37618
3506	88299	37590
3507	88315	37561
3508	88332	37533
3509	88349	37504
3510	88363	37474
3511	88382	37446
3512	88398	37417
3513	88457	37406
3514	88473	37377
3515	88495	37351
3516	88514	37323
3517	88533	37295
3518	88552	37268
3519	88571	37240
3520	88592	37213
3521	88606	37183
3522	88625	37155
3523	88644	37128
3524	88664	37100
3525	88680	37071
3526	88699	37044
3527	88719	37016
3528	88738	36988
3529	88758	36961
3530	88775	36933
3531	88793	36905
3532	88809	36876
3533	88828	36848
3534	88845	36820
3535	88866	36793
3536	88886	36765
3537	88906	36738
3538	88924	36710
3539	88943	36682
3540	88960	36654
3541	88977	36625
3542	88994	36597
3543	89020	36572
3544	89040	36545
3545	89055	36516
3546	89073	36488
3547	89121	36472
3548	89141	36445
3549	89160	36417
3550	89177	36389
3551	89195	36361
3552	89213	36333
3553	89232	36305
3554	89251	36278
3555	89268	36249
3556	89287	36222
3557	89307	36195
3558	89325	36166
3559	89345	36139
3560	89368	36113
3561	89388	36086
3562	89408	36059
3563	89427	36032
3564	89447	36004
3565	89467	35977
3566	89487	35950
3567	89508	35923
3568	89527	35896
3569	89544	35867
3570	89579	35846
3571	89603	35821
3572	89644	35802
3573	89668	35777
3574	89686	35749
3575	89707	35722
3576	89723	35693
3577	89742	35666
3578	89761	35638
3579	89780	35611
3580	89798	35583
3581	89815	35555
3582	89831	35526
3583	89849	35498
3584	89867	35470
3585	89883	35441
3586	89912	35418
3587	89929	35390
3588	89947	35362
3589	89965	35334
3590	89980	35305
3591	90001	35278
3592	90024	35252
3593	90043	35225
3594	90062	35198
3595	90081	35170
3596	90101	35143
3597	90120	35116
3598	90139	35089
3599	90159	35062
3600	90178	35034
3601	90199	35008
3602	90220	34981
3603	90240	34954
3604	90259	34927
3605	90280	34900
3606	90299	34873
3607	90334	34851
3608	90350	34823
3609	90371	34796
3610	90390	34769
3611	90406	34740
3612	90423	34712
3613	90441	34685
3614	90463	34658
3615	90483	34631
3616	90506	34606
3617	90526	34579
3618	90545	34551
3619	90564	34524
3620	90582	34496
3621	90600	34469
3622	90619	34441
3623	90637	34414
3624	90654	34386
3625	90672	34358
3626	90690	34330
3627	90706	34302
3628	90725	34275
3629	90741	34246
3630	90759	34219
3631	90777	34191
3632	90794	34163
3633	90812	34135
3634	90830	34108
3635	90849	34080
3636	90869	34054
3637	90888	34026
3638	90906	33999
3639	90923	33971
3640	90939	33942
3641	90957	33915
3642	90975	33887
3643	90994	33860
3644	91016	33834
3645	91038	33808
3646	91056	33780
3647	91074	33753
3648	91092	33725
3649	91110	33698
3650	91126	33670
3651	91145	33642
3652	91163	33615
3653	91182	33588
3654	91201	33560
3655	91216	33532
3656	91230	33503
3657	91248	33476
3658	91267	33448
3659	91284	33421
3660	91302	33393
3661	91323	33367
3662	91341	33339
3663	91358	33311
3664	91375	33283
3665	91393	33256
3666	91409	33228
3667	91425	33200
3668	91444	33173
3669	91462	33145
3670	91481	33118
3671	91497	33090
3672	91517	33063
3673	91535	33036
3674	91552	33008
3675	91569	32981
3676	91588	32954
3677	91605	32926
3678	91623	32898
3679	91643	32872
3680	91660	32844
3681	91677	32816
3682	91692	32788
3683	91710	32760
3684	91725	32732
3685	91746	32706
3686	91763	32678
3687	91782	32651
3688	91799	32623
3689	91817	32596
3690	91836	32569
3691	91854	32542
3692	91872	32514
3693	91888	32486
3694	91904	32458
3695	91923	32431
3696	91942	32404
3697	91961	32378
3698	91979	32350
3699	92000	32324
3700	92024	32299
3701	92044	32272
3702	92061	32245
3703	92079	32217
3704	92094	32189
3705	92112	32162
3706	92129	32134
3707	92147	32107
3708	92166	32080
3709	92183	32053
3710	92202	32026
3711	92220	31998
3712	92237	31971
3713	92255	31944
3714	92273	31916
3715	92292	31890
3716	92311	31863
3717	92330	31836
3718	92350	31809
3719	92369	31783
3720	92390	31756
3721	92409	31730
3722	92428	31703
3723	92442	31674
3724	92458	31646
3725	92476	31619
3726	92504	31596
3727	92526	31570
3728	92544	31543
3729	92562	31516
3730	92581	31489
3731	92601	31462
3732	92621	31436
3733	92639	31409
3734	92658	31382
3735	92674	31354
3736	92692	31327
3737	92711	31300
3738	92731	31274
3739	92751	31247
3740	92769	31220
3741	92786	31193
3742	92804	31166
3743	92824	31139
3744	92841	31112
3745	92858	31085
3746	92876	31057
3747	92895	31031
3748	92914	31004
3749	92932	30977
3750	92950	30950
3751	92965	30922
3752	92984	30895
3753	93009	30871
3754	93043	30849
3755	93062	30822
3756	93082	30796
3757	93099	30768
3758	93117	30742
3759	93135	30714
3760	93155	30688
3761	93174	30661
3762	93195	30635
3763	93215	30609
3764	93235	30583
3765	93258	30557
3766	93278	30531
3767	93296	30504
3768	93315	30477
3769	93331	30450
3770	93351	30423
3771	93367	30396
3772	93386	30369
3773	93405	30343
3774	93423	30316
3775	93441	30289
3776	93453	30260
3777	93472	30233
3778	93489	30206
3779	93509	30180
3780	93530	30154
3781	93549	30127
3782	93568	30101
3783	93588	30075
3784	93605	30047
3785	93625	30021
3786	93642	29994
3787	93662	29968
3788	93681	29941
3789	93701	29915
3790	93719	29888
3791	93737	29861
3792	93755	29834
3793	93773	29807
3794	93793	29781
3795	93812	29755
3796	93833	29729
3797	93854	29703
3798	93871	29676
3799	93888	29648
3800	93907	29622
3801	93925	29595
3802	93945	29569
3803	93965	29543
3804	93991	29518
3805	94016	29494
3806	94045	29470
3807	94070	29446
3808	94090	29420
3809	94110	29394
3810	94129	29367
3811	94148	29341
3812	94165	29314
3813	94185	29287
3814	94206	29262
3815	94226	29235
3816	94248	29210
3817	94263	29182
3818	94281	29155
3819	94300	29129
3820	94320	29103
3821	94339	29076
3822	94356	29050
3823	94375	29023
3824	94395	28997
3825	94414	28970
3826	94434	28944
3827	94479	28926
3828	94500	28900
3829	94519	28874
3830	94538	28847
3831	94557	28821
3832	94579	28795
3833	94598	28769
3834	94619	28743
3835	94638	28717
3836	94657	28690
3837	94675	28664
3838	94693	28637
3839	94713	28611
3840	94734	28585
3841	94752	28558
3842	94769	28532
3843	94788	28505
3844	94806	28478
3845	94825	28452
3846	94843	28425
3847	94860	28398
3848	94880	28372
3849	94899	28346
3850	94917	28319
3851	94939	28294
3852	94959	28268
3853	94978	28242
3854	95005	28218
3855	95029	28193
3856	95060	28170
3857	95079	28144
3858	95097	28117
3859	95116	28091
3860	95133	28064
3861	95151	28037
3862	95168	28010
3863	95185	27984
3864	95203	27957
3865	95219	27930
3866	95238	27903
3867	95255	27877
3868	95274	27850
3869	95291	27824
3870	95309	27797
3871	95326	27770
3872	95344	27744
3873	95363	27718
3874	95381	27691
3875	95397	27664
3876	95415	27637
3877	95433	27611
3878	95450	27584
3879	95468	27557
3880	95487	27531
3881	95506	27505
3882	95523	27478
3883	95539	27451
3884	95555	27424
3885	95572	27397
3886	95590	27371
3887	95608	27344
3888	95626	27318
3889	95643	27291
3890	95659	27264
3891	95673	27236
3892	95691	27210
3893	95705	27182
3894	95723	27156
3895	95741	27130
3896	95759	27103
3897	95774	27076
3898	95793	27050
3899	95811	27023
3900	95827	26996
3901	95845	26970
3902	95864	26944
3903	95881	26917
3904	95898	26890
3905	95916	26864
3906	95949	26842
3907	95968	26816
3908	95988	26790
3909	96012	26765
3910	96028	26738
3911	96044	26711
3912	96062	26685
3913	96078	26658
3914	96096	26632
3915	96110	26604
3916	96129	26578
3917	96147	26552
3918	96164	26525
3919	96182	26499
3920	96200	26472
3921	96218	26446
3922	96233	26419
3923	96250	26392
3924	96266	26366
3925	96280	26338
3926	96295	26311
3927	96313	26285
3928	96328	26258
3929	96346	26231
3930	96362	26204
3931	96380	26178
3932	96399	26152
3933	96417	26126
3934	96435	26100
3935	96454	26073
3936	96471	26047
3937	96488	26020
3938	96504	25994
3939	96524	25968
3940	96542	25942
3941	96558	25915
3942	96576	25889
3943	96594	25863
3944	96614	25837
3945	96633	25811
3946	96651	25785
3947	96669	25759
3948	96684	25731
3949	96703	25705
3950	96721	25679
3951	96739	25653
3952	96757	25627
3953	96775	25601
3954	96793	25574
3955	96810	25548
3956	96830	25522
3957	96849	25496
3958	96867	25470
3959	96885	25444
3960	96903	25418
3961	96922	25392
3962	96941	25366
3963	96959	25340
3964	96980	25315
3965	97003	25290
3966	97024	25265
3967	97041	25238
3968	97061	25212
3969	97080	25187
3970	97098	25161
3971	97115	25134
3972	97134	25108
3973	97153	25082
3974	97172	25057
3975	97191	25031
3976	97210	25005
3977	97230	24979
3978	97253	24954
3979	97271	24928
3980	97294	24904
3981	97313	24878
3982	97331	24852
3983	97349	24826
3984	97368	24800
3985	97387	24774
3986	97403	24747
3987	97422	24722
3988	97439	24695
3989	97456	24669
3990	97473	24643
3991	97491	24617
3992	97510	24591
3993	97528	24565
3994	97542	24538
3995	97561	24512
3996	97578	24486
3997	97597	24460
3998	97616	24434
3999	97634	24408
4000	97651	24382
4001	97668	24356
4002	97682	24329
4003	97698	24302
4004	97718	24277
4005	97736	24251
4006	97751	24224
4007	97768	24198
4008	97786	24172
4009	97806	24146
4010	97822	24120
4011	97841	24094
4012	97857	24068
4013	97871	24041
4014	97890	24015
4015	97907	23989
4016	97924	23963
4017	97943	23937
4018	97960	23911
4019	97980	23885
4020	98002	23860
4021	98016	23833
4022	98035	23808
4023	98053	23782
4024	98073	23756
4025	98091	23730
4026	98110	23705
4027	98128	23679
4028	98145	23653
4029	98163	23627
4030	98181	23601
4031	98198	23575
4032	98217	23549
4033	98237	23524
4034	98254	23498
4035	98273	23472
4036	98288	23446
4037	98303	23419
4038	98319	23393
4039	98338	23367
4040	98356	23341
4041	98375	23316
4042	98395	23290
4043	98414	23265
4044	98433	23239
4045	98451	23213
4046	98470	23188
4047	98485	23161
4048	98502	23135
4049	98520	23109
4050	98538	23083
4051	98557	23058
4052	98574	23032
4053	98591	23006
4054	98607	22980
4055	98624	22953
4056	98642	22928
4057	98661	22902
4058	98679	22876
4059	98697	22851
4060	98715	22825
4061	98731	22799
4062	98750	22773
4063	98769	22748
4064	98788	22722
4065	98805	22696
4066	98824	22670
4067	98841	22645
4068	98860	22619
4069	98876	22593
4070	98896	22568
4071	98911	22541
4072	98929	22515
4073	98947	22490
4074	98966	22464
4075	98992	22440
4076	99013	22415
4077	99036	22391
4078	99056	22366
4079	99074	22340
4080	99094	22314
4081	99112	22289
4082	99132	22264
4083	99147	22237
4084	99165	22212
4085	99182	22186
4086	99200	22160
4087	99217	22134
4088	99236	22109
4089	99253	22083
4090	99270	22057
4091	99289	22032
4092	99305	22005
4093	99323	21980
4094	99340	21954
4095	99356	21928
4096	99375	21902
4097	99392	21877
4098	99411	21851
4099	99429	21825
4100	99447	21800
4101	99463	21774
4102	99482	21748
4103	99499	21723
4104	99514	21696
4105	99532	21671
4106	99550	21645
4107	99567	21619
4108	99582	21593
4109	99599	21567
4110	99617	21542
4111	99637	21517
4112	99653	21490
4113	99670	21465
4114	99683	21438
4115	99698	21412
4116	99717	21387
4117	99736	21361
4118	99754	21336
4119	99770	21310
4120	99787	21284
4121	99806	21259
4122	99822	21233
4123	99842	21208
4124	99861	21182
4125	99877	21156
4126	99894	21131
4127	99909	21104
4128	99928	21079
4129	99944	21053
4130	99966	21029
4131	99989	21004
4132	100010	20979
4133	100028	20954
4134	100047	20928
4135	100064	20903
4136	100079	20877
4137	100096	20851
4138	100113	20825
4139	100133	20800
4140	100150	20775
4141	100168	20749
4142	100186	20724
4143	100205	20698
4144	100223	20673
4145	100242	20648
4146	100260	20622
4147	100279	20597
4148	100298	20572
4149	100317	20546
4150	100335	20521
4151	100352	20495
4152	100363	20468
4153	100383	20444
4154	100400	20418
4155	100434	20396
4156	100449	20370
4157	100466	20344
4158	100484	20319
4159	100503	20293
4160	100520	20268
4161	100540	20243
4162	100560	20218
4163	100582	20193
4164	100601	20168
4165	100620	20143
4166	100636	20117
4167	100656	20092
4168	100672	20066
4169	100691	20041
4170	100709	20016
4171	100728	19991
4172	100747	19966
4173	100763	19940
4174	100781	19914
4175	100801	19889
4176	100820	19864
4177	100839	19839
4178	100857	19814
4179	100875	19788
4180	100891	19763
4181	100908	19737
4182	100927	19712
4183	100945	19687
4184	100972	19663
4185	100999	19640
4186	101018	19615
4187	101035	19589
4188	101053	19564
4189	101072	19538
4190	101091	19513
4191	101110	19488
4192	101129	19463
4193	101159	19440
4194	101203	19420
4195	101242	19399
4196	101267	19375
4197	101287	19350
4198	101306	19325
4199	101324	19299
4200	101344	19274
4201	101361	19249
4202	101381	19224
4203	101400	19199
4204	101419	19174
4205	101439	19149
4206	101458	19124
4207	101476	19099
4208	101492	19073
4209	101511	19048
4210	101529	19023
4211	101548	18998
4212	101566	18972
4213	101583	18947
4214	101602	18922
4215	101621	18897
4216	101639	18872
4217	101655	18846
4218	101677	18822
4219	101695	18796
4220	101715	18771
4221	101733	18746
4222	101745	18720
4223	101762	18694
4224	101779	18669
4225	101795	18644
4226	101814	18618
4227	101832	18593
4228	101850	18568
4229	101883	18546
4230	101910	18522
4231	101929	18497
4232	101949	18472
4233	101973	18448
4234	101994	18424
4235	102021	18400
4236	102039	18375
4237	102057	18350
4238	102075	18324
4239	102094	18299
4240	102115	18275
4241	102132	18250
4242	102150	18224
4243	102167	18199
4244	102186	18174
4245	102204	18149
4246	102220	18123
4247	102237	18098
4248	102252	18072
4249	102271	18047
4250	102289	18022
4251	102306	17997
4252	102325	17972
4253	102342	17947
4254	102361	17922
4255	102379	17897
4256	102399	17872
4257	102415	17846
4258	102434	17822
4259	102455	17797
4260	102473	17772
4261	102492	17747
4262	102512	17722
4263	102531	17697
4264	102550	17672
4265	102569	17647
4266	102589	17623
4267	102610	17598
4268	102631	17574
4269	102650	17549
4270	102670	17524
4271	102690	17499
4272	102714	17475
4273	102732	17450
4274	102751	17425
4275	102768	17400
4276	102786	17375
4277	102804	17350
4278	102823	17325
4279	102840	17300
4280	102859	17275
4281	102876	17250
4282	102894	17225
4283	102912	17200
4284	102931	17175
4285	102951	17150
4286	102969	17125
4287	102989	17100
4288	103006	17075
4289	103023	17050
4290	103040	17025
4291	103058	17000
4292	103074	16975
4293	103096	16950
4294	103116	16925
4295	103135	16901
4296	103153	16876
4297	103172	16851
4298	103191	16826
4299	103212	16802
4300	103232	16777
4301	103251	16752
4302	103270	16727
4303	103286	16702
4304	103305	16677
4305	103323	16652
4306	103347	16628
4307	103369	16604
4308	103391	16580
4309	103426	16557
4310	103447	16533
4311	103467	16508
4312	103487	16484
4313	103506	16459
4314	103525	16434
4315	103547	16410
4316	103569	16385
4317	103593	16361
4318	103618	16338
4319	103637	16313
4320	103654	16288
4321	103677	16264
4322	103700	16239
4323	103722	16215
4324	103745	16191
4325	103764	16166
4326	103785	16142
4327	103804	16117
4328	103823	16092
4329	103842	16067
4330	103862	16043
4331	103881	16018
4332	103900	15993
4333	103919	15969
4334	103936	15944
4335	103961	15920
4336	103985	15896
4337	104003	15871
4338	104022	15846
4339	104041	15822
4340	104060	15797
4341	104080	15772
4342	104100	15748
4343	104120	15723
4344	104136	15698
4345	104157	15673
4346	104175	15649
4347	104192	15624
4348	104224	15601
4349	104242	15576
4350	104261	15551
4351	104279	15526
4352	104298	15502
4353	104320	15477
4354	104344	15453
4355	104362	15429
4356	104385	15405
4357	104406	15380
4358	104426	15356
4359	104443	15331
4360	104462	15306
4361	104479	15281
4362	104497	15256
4363	104519	15232
4364	104540	15208
4365	104558	15183
4366	104578	15158
4367	104600	15134
4368	104620	15110
4369	104639	15085
4370	104659	15060
4371	104680	15036
4372	104701	15012
4373	104720	14987
4374	104740	14962
4375	104760	14938
4376	104781	14914
4377	104802	14889
4378	104830	14866
4379	104865	14844
4380	104884	14819
4381	104904	14794
4382	104924	14770
4383	104948	14746
4384	104967	14721
4385	104987	14697
4386	105006	14672
4387	105026	14648
4388	105046	14623
4389	105066	14599
4390	105084	14574
4391	105104	14550
4392	105122	14525
4393	105143	14500
4394	105163	14476
4395	105181	14451
4396	105199	14426
4397	105217	14402
4398	105234	14377
4399	105253	14352
4400	105270	14327
4401	105289	14303
4402	105308	14278
4403	105326	14254
4404	105345	14229
4405	105363	14204
4406	105381	14179
4407	105399	14155
4408	105417	14130
4409	105433	14105
4410	105453	14081
4411	105470	14056
4412	105489	14031
4413	105508	14007
4414	105526	13982
4415	105546	13958
4416	105566	13933
4417	105583	13908
4418	105601	13884
4419	105617	13859
4420	105635	13834
4421	105652	13809
4422	105668	13784
4423	105684	13760
4424	105702	13735
4425	105720	13710
4426	105738	13686
4427	105755	13661
4428	105775	13636
4429	105792	13612
4430	105810	13587
4431	105828	13562
4432	105847	13538
4433	105866	13513
4434	105886	13489
4435	105909	13465
4436	105928	13441
4437	105951	13417
4438	105973	13392
4439	105988	13367
4440	106005	13343
4441	106021	13318
4442	106035	13293
4443	106053	13268
4444	106072	13244
4445	106091	13219
4446	106109	13195
4447	106127	13170
4448	106144	13145
4449	106162	13121
4450	106182	13096
4451	106199	13072
4452	106219	13047
4453	106237	13023
4454	106253	12998
4455	106279	12974
4456	106297	12950
4457	106313	12925
4458	106330	12900
4459	106348	12876
4460	106368	12851
4461	106388	12827
4462	106405	12803
4463	106424	12778
4464	106442	12753
4465	106460	12729
4466	106479	12705
4467	106496	12680
4468	106515	12655
4469	106535	12631
4470	106553	12607
4471	106572	12582
4472	106588	12558
4473	106606	12533
4474	106624	12508
4475	106643	12484
4476	106661	12460
4477	106678	12435
4478	106694	12410
4479	106711	12386
4480	106729	12361
4481	106748	12337
4482	106764	12312
4483	106784	12288
4484	106804	12264
4485	106823	12239
4486	106838	12214
4487	106855	12190
4488	106872	12165
4489	106887	12140
4490	106903	12116
4491	106922	12091
4492	106945	12067
4493	106971	12044
4494	106991	12020
4495	107010	11995
4496	107029	11971
4497	107048	11947
4498	107067	11922
4499	107088	11898
4500	107107	11874
4501	107126	11850
4502	107145	11825
4503	107165	11801
4504	107184	11777
4505	107204	11752
4506	107222	11728
4507	107241	11704
4508	107261	11680
4509	107280	11655
4510	107297	11631
4511	107316	11606
4512	107336	11582
4513	107357	11558
4514	107374	11534
4515	107395	11510
4516	107414	11485
4517	107435	11461
4518	107456	11437
4519	107475	11413
4520	107494	11389
4521	107513	11364
4522	107530	11340
4523	107549	11315
4524	107570	11291
4525	107586	11267
4526	107605	11243
4527	107623	11218
4528	107641	11194
4529	107659	11169
4530	107676	11145
4531	107695	11121
4532	107713	11096
4533	107731	11072
4534	107749	11048
4535	107767	11023
4536	107783	10999
4537	107801	10974
4538	107819	10950
4539	107837	10926
4540	107856	10902
4541	107872	10877
4542	107891	10853
4543	107906	10828
4544	107927	10804
4545	107949	10780
4546	107973	10756
4547	107991	10732
4548	108010	10708
4549	108044	10685
4550	108070	10662
4551	108088	10637
4552	108108	10613
4553	108125	10589
4554	108144	10565
4555	108163	10540
4556	108183	10516
4557	108200	10492
4558	108219	10468
4559	108237	10443
4560	108255	10419
4561	108275	10395
4562	108293	10371
4563	108310	10346
4564	108327	10322
4565	108347	10298
4566	108362	10273
4567	108379	10249
4568	108398	10225
4569	108415	10201
4570	108435	10176
4571	108452	10152
4572	108467	10128
4573	108484	10103
4574	108498	10079
4575	108517	10054
4576	108533	10030
4577	108551	10006
4578	108568	9981
4579	108586	9957
4580	108602	9933
4581	108620	9909
4582	108637	9884
4583	108654	9860
4584	108672	9836
4585	108691	9812
4586	108712	9788
4587	108731	9764
4588	108753	9740
4589	108773	9716
4590	108790	9691
4591	108806	9667
4592	108825	9643
4593	108843	9619
4594	108863	9595
4595	108883	9571
4596	108899	9546
4597	108926	9523
4598	108963	9500
4599	109001	9478
4600	109019	9454
4601	109039	9430
4602	109058	9406
4603	109076	9381
4604	109096	9357
4605	109123	9334
4606	109141	9310
4607	109159	9286
4608	109177	9261
4609	109195	9237
4610	109213	9213
4611	109232	9189
4612	109248	9165
4613	109266	9141
4614	109283	9116
4615	109299	9092
4616	109318	9068
4617	109336	9044
4618	109355	9020
4619	109375	8996
4620	109394	8972
4621	109411	8947
4622	109430	8923
4623	109445	8899
4624	109461	8875
4625	109479	8851
4626	109497	8827
4627	109516	8803
4628	109538	8779
4629	109554	8754
4630	109573	8730
4631	109590	8706
4632	109608	8682
4633	109625	8658
4634	109642	8634
4635	109659	8610
4636	109677	8585
4637	109694	8561
4638	109710	8537
4639	109728	8513
4640	109744	8489
4641	109764	8465
4642	109781	8441
4643	109800	8417
4644	109815	8392
4645	109834	8368
4646	109852	8344
4647	109871	8320
4648	109890	8296
4649	109910	8272
4650	109935	8249
4651	109959	8225
4652	109977	8201
4653	109996	8177
4654	110012	8153
4655	110030	8129
4656	110048	8105
4657	110066	8081
4658	110083	8057
4659	110100	8033
4660	110120	8009
4661	110140	7985
4662	110159	7961
4663	110179	7937
4664	110198	7913
4665	110217	7889
4666	110236	7865
4667	110255	7841
4668	110274	7817
4669	110293	7793
4670	110310	7769
4671	110328	7745
4672	110348	7721
4673	110363	7697
4674	110381	7673
4675	110399	7649
4676	110418	7625
4677	110436	7601
4678	110456	7577
4679	110474	7553
4680	110502	7530
4681	110530	7507
4682	110549	7483
4683	110567	7459
4684	110585	7435
4685	110604	7411
4686	110622	7387
4687	110639	7363
4688	110659	7339
4689	110678	7315
4690	110695	7291
4691	110714	7267
4692	110729	7243
4693	110747	7219
4694	110764	7195
4695	110782	7171
4696	110798	7147
4697	110814	7123
4698	110832	7099
4699	110851	7075
4700	110869	7051
4701	110889	7027
4702	110907	7003
4703	110932	6980
4704	110953	6956
4705	110978	6933
4706	110994	6909
4707	111013	6885
4708	111031	6861
4709	111049	6837
4710	111067	6813
4711	111086	6789
4712	111105	6765
4713	111124	6741
4714	111141	6718
4715	111160	6694
4716	111178	6670
4717	111196	6646
4718	111213	6622
4719	111230	6598
4720	111248	6574
4721	111267	6550
4722	111283	6526
4723	111300	6502
4724	111314	6478
4725	111333	6454
4726	111352	6430
4727	111373	6407
4728	111390	6383
4729	111406	6359
4730	111424	6335
4731	111443	6311
4732	111459	6287
4733	111478	6263
4734	111497	6240
4735	111514	6216
4736	111533	6192
4737	111553	6168
4738	111572	6144
4739	111589	6120
4740	111605	6096
4741	111624	6073
4742	111641	6049
4743	111660	6025
4744	111680	6001
4745	111697	5977
4746	111715	5954
4747	111734	5930
4748	111752	5906
4749	111771	5882
4750	111788	5858
4751	111803	5834
4752	111822	5811
4753	111841	5787
4754	111857	5763
4755	111876	5739
4756	111895	5715
4757	111916	5692
4758	111938	5668
4759	111958	5644
4760	111975	5621
4761	111990	5597
4762	112005	5573
4763	112021	5549
4764	112040	5525
4765	112057	5501
4766	112074	5477
4767	112092	5454
4768	112110	5430
4769	112129	5406
4770	112146	5382
4771	112164	5359
4772	112179	5335
4773	112197	5311
4774	112216	5287
4775	112233	5263
4776	112251	5240
4777	112269	5216
4778	112287	5192
4779	112305	5168
4780	112324	5145
4781	112343	5121
4782	112363	5097
4783	112383	5074
4784	112401	5050
4785	112421	5026
4786	112438	5003
4787	112453	4979
4788	112470	4955
4789	112486	4931
4790	112503	4907
4791	112519	4883
4792	112536	4860
4793	112554	4836
4794	112574	4812
4795	112592	4789
4796	112608	4765
4797	112624	4741
4798	112644	4717
4799	112661	4694
4800	112681	4670
4801	112699	4646
4802	112717	4623
4803	112734	4599
4804	112753	4575
4805	112770	4552
4806	112788	4528
4807	112805	4504
4808	112824	4481
4809	112841	4457
4810	112859	4433
4811	112876	4409
4812	112895	4386
4813	112917	4362
4814	112939	4339
4815	112969	4316
4816	112989	4292
4817	113007	4268
4818	113024	4245
4819	113041	4221
4820	113060	4197
4821	113078	4174
4822	113099	4150
4823	113117	4127
4824	113136	4103
4825	113154	4079
4826	113174	4056
4827	113190	4032
4828	113209	4008
4829	113242	3985
4830	113260	3962
4831	113279	3938
4832	113300	3915
4833	113320	3891
4834	113339	3867
4835	113358	3844
4836	113376	3820
4837	113394	3797
4838	113413	3773
4839	113432	3749
4840	113451	3726
4841	113469	3702
4842	113484	3678
4843	113499	3655
4844	113516	3631
4845	113534	3607
4846	113550	3584
4847	113570	3560
4848	113588	3537
4849	113606	3513
4850	113625	3490
4851	113643	3466
4852	113661	3442
4853	113679	3419
4854	113698	3395
4855	113714	3372
4856	113733	3348
4857	113751	3324
4858	113769	3301
4859	113784	3277
4860	113799	3254
4861	113816	3230
4862	113834	3206
4863	113852	3183
4864	113871	3159
4865	113889	3136
4866	113906	3112
4867	113930	3089
4868	113953	3065
4869	113969	3042
4870	113987	3018
4871	114007	2995
4872	114023	2971
4873	114038	2948
4874	114056	2924
4875	114075	2901
4876	114092	2877
4877	114109	2853
4878	114128	2830
4879	114147	2806
4880	114166	2783
4881	114185	2759
4882	114200	2736
4883	114215	2712
4884	114234	2689
4885	114250	2665
4886	114264	2642
4887	114283	2618
4888	114300	2595
4889	114317	2571
4890	114336	2548
4891	114354	2524
4892	114373	2501
4893	114390	2477
4894	114406	2454
4895	114424	2430
4896	114443	2407
4897	114460	2383
4898	114478	2360
4899	114498	2336
4900	114517	2313
4901	114533	2289
4902	114551	2266
4903	114568	2242
4904	114586	2219
4905	114604	2195
4906	114623	2172
4907	114643	2148
4908	114663	2125
4909	114681	2102
4910	114696	2078
4911	114714	2055
4912	114732	2031
4913	114751	2008
4914	114768	1984
4915	114783	1961
4916	114800	1937
4917	114817	1914
4918	114833	1890
4919	114849	1867
4920	114868	1844
4921	114886	1820
4922	114902	1797
4923	114926	1773
4924	114944	1750
4925	114960	1726
4926	114975	1703
4927	114991	1680
4928	115006	1656
4929	115021	1633
4930	115039	1609
4931	115059	1586
4932	115077	1562
4933	115096	1539
4934	115114	1516
4935	115133	1492
4936	115153	1469
4937	115189	1446
4938	115209	1422
4939	115228	1399
4940	115248	1376
4941	115268	1352
4942	115288	1329
4943	115306	1306
4944	115326	1282
4945	115344	1259
4946	115363	1235
4947	115382	1212
4948	115399	1189
4949	115417	1165
4950	115436	1142
4951	115452	1119
4952	115468	1095
4953	115487	1072
4954	115505	1048
4955	115523	1025
4956	115540	1002
4957	115557	978
4958	115575	955
4959	115593	932
4960	115609	908
4961	115627	885
4962	115645	862
4963	115664	838
4964	115691	815
4965	115709	792
4966	115727	768
4967	115744	745
4968	115761	722
4969	115778	698
4970	115799	675
4971	115816	652
4972	115834	628
4973	115852	605
4974	115872	582
4975	115891	558
4976	115919	535
4977	115942	512
4978	115961	489
4979	115981	465
4980	116001	442
4981	116021	419
4982	116037	395
4983	116057	372
4984	116076	349
4985	116121	326
4986	116139	302
4987	116158	279
4988	116177	256
4989	116197	232
4990	116215	209
4991	116233	186
4992	116251	162
4993	116266	139
4994	116283	116
4995	116302	93
4996	116318	69
4997	116336	46
4998	116354	23
4999	116371	0
=======
0	200	1002133
1	255	637371
2	308	514203
3	359	449619
4	410	410548
5	511	426123
6	570	406724
7	625	390310
8	691	383698
9	741	370200
10	790	358722
11	837	348104
12	885	339576
13	935	333059
14	985	327624
15	1037	323098
16	1089	319235
17	1140	315609
18	1190	312068
19	1237	308051
20	1292	306424
21	1342	303777
22	1390	300857
23	1438	298168
24	1500	298595
25	1547	296039
26	1593	293558
27	1642	291724
28	1692	290098
29	1743	288773
30	1791	287171
31	1840	285669
32	1890	284538
33	1941	283511
34	1992	282615
35	2039	281269
36	2088	280203
37	2140	279537
38	2187	278245
39	2234	277057
40	2280	275844
41	2327	274742
42	2375	273874
43	2418	272435
44	2464	271372
45	2511	270442
46	2559	269736
47	2607	268979
48	2659	268674
49	2706	267975
50	2756	267455
51	2804	266818
52	2848	265904
53	2892	264965
54	2941	264509
55	2989	263927
56	3032	263004
57	3077	262192
58	3125	261733
59	3171	261101
60	3219	260641
61	3265	260095
62	3313	259627
63	3359	259073
64	3406	258611
65	3454	258229
66	3503	257915
67	3548	257377
68	3595	256941
69	3642	256562
70	3690	256238
71	3735	255694
72	3781	255222
73	3827	254762
74	3876	254589
75	3924	254267
76	3972	253959
77	4018	253596
78	4064	253195
79	4115	253114
80	4184	254139
81	4244	254553
82	4291	254212
83	4337	253869
84	4383	253465
85	4429	253101
86	4477	252830
87	4531	252934
88	4575	252459
89	4624	252311
90	4669	251923
91	4718	251727
92	4764	251384
93	4812	251151
94	4858	250833
95	4908	250720
96	4957	250569
97	5012	250743
98	5057	250395
99	5105	250171
100	5152	249933
101	5201	249762
102	5249	249561
103	5297	249385
104	5345	249207
105	5390	248871
106	5435	248572
107	5482	248315
108	5527	248026
109	5578	247998
110	5626	247838
111	5674	247665
112	5721	247446
113	5798	248531
114	5844	248266
115	5891	248069
116	5938	247841
117	5986	247663
118	6035	247556
119	6081	247310
120	6129	247151
121	6176	246952
122	6256	248083
123	6320	248556
124	6372	248511
125	6424	248499
126	6477	248547
127	6529	248533
128	6584	248622
129	6636	248607
130	6690	248678
131	6751	248990
132	6808	249135
133	6859	249090
134	6910	249019
135	6960	248953
136	7010	248860
137	7062	248830
138	7114	248814
139	7167	248802
140	7217	248728
141	7266	248608
142	7317	248553
143	7368	248486
144	7424	248602
145	7480	248711
146	7529	248591
147	7579	248484
148	7629	248406
149	7679	248309
150	7733	248355
151	7802	248866
152	7851	248744
153	7900	248593
154	7946	248403
155	7998	248369
156	8051	248361
157	8103	248335
158	8150	248159
159	8201	248096
160	8250	247987
161	8300	247882
162	8346	247678
163	8398	247667
164	8446	247501
165	8500	247525
166	8547	247356
167	8599	247339
168	8645	247124
169	8708	247424
170	8754	247223
171	8806	247203
172	8852	247004
173	8900	246851
174	8950	246770
175	9004	246807
176	9053	246694
177	9102	246598
178	9151	246477
179	9201	246398
180	9249	246268
181	9300	246202
182	9346	246033
183	9395	245929
184	9442	245750
185	9489	245607
186	9542	245606
187	9598	245676
188	9657	245821
189	9715	245953
190	9771	246033
191	9838	246363
192	9899	246572
193	9965	246870
194	10017	246830
195	10070	246832
196	10125	246878
197	10182	246953
198	10236	246963
199	10289	246945
200	10340	246877
201	10397	246955
202	10454	247034
203	10506	247008
204	10556	246928
205	10613	246999
206	10667	246996
207	10716	246894
208	10764	246754
209	10811	246610
210	10874	246822
211	10926	246769
212	10973	246630
213	11024	246553
214	11072	246420
215	11120	246306
216	11167	246153
217	11216	246048
218	11264	245923
219	11314	245823
220	11360	245669
221	11421	245812
222	11472	245763
223	11523	245692
224	11572	245595
225	11623	245523
226	11670	245397
227	11719	245292
228	11765	245128
229	11817	245080
230	11866	244990
231	11922	245024
232	11969	244896
233	12026	244942
234	12077	244895
235	12128	244829
236	12176	244705
237	12225	244622
238	12275	244539
239	12325	244463
240	12372	244320
241	12424	244272
242	12473	244173
243	12524	244117
244	12593	244412
245	12645	244376
246	12692	244248
247	12740	244127
248	12785	243952
249	12834	243846
250	12891	243920
251	12946	243935
252	12995	243841
253	13055	243949
254	13107	243894
255	13157	243828
256	13207	243741
257	13256	243645
258	13307	243597
259	13358	243530
260	13404	243388
261	13453	243285
262	13501	243186
263	13547	243034
264	13593	242891
265	13644	242827
266	13694	242749
267	13742	242654
268	13792	242568
269	13842	242491
270	13893	242442
271	13953	242540
272	14006	242517
273	14056	242452
274	14111	242456
275	14172	242568
276	14222	242509
277	14272	242428
278	14320	242319
279	14370	242240
280	14419	242156
281	14469	242085
282	14519	242009
283	14570	241954
284	14620	241886
285	14669	241792
286	14716	241667
287	14772	241696
288	14830	241750
289	14884	241747
290	14936	241697
291	14985	241623
292	15035	241539
293	15085	241465
294	15134	241379
295	15182	241277
296	15231	241188
297	15278	241072
298	15326	240970
299	15374	240865
300	15423	240787
301	15474	240719
302	15520	240586
303	15568	240486
304	15613	240346
305	15661	240243
306	15707	240120
307	15756	240031
308	15804	239927
309	15853	239853
310	15904	239793
311	15951	239687
312	15999	239579
313	16049	239514
314	16098	239433
315	16149	239374
316	16195	239252
317	16248	239223
318	16329	239613
319	16383	239606
320	16435	239575
321	16485	239502
322	16535	239436
323	16590	239435
324	16667	239749
325	16725	239806
326	16778	239774
327	16841	239884
328	16908	240054
329	16962	240049
330	17016	240035
331	17085	240220
332	17136	240171
333	17189	240136
334	17237	240039
335	17284	239923
336	17331	239811
337	17379	239718
338	17427	239610
339	17477	239549
340	17523	239420
341	17569	239299
342	17615	239175
343	17666	239120
344	17719	239087
345	17771	239046
346	17822	238991
347	17873	238935
348	17924	238868
349	17975	238822
350	18027	238773
351	18079	238734
352	18129	238668
353	18185	238669
354	18241	238674
355	18297	238691
356	18351	238673
357	18404	238640
358	18461	238668
359	18527	238794
360	18576	238717
361	18626	238646
362	18674	238552
363	18723	238461
364	18842	239272
365	18941	239825
366	19000	239860
367	19054	239838
368	19107	239799
369	19157	239732
370	19205	239634
371	19256	239573
372	19323	239706
373	19375	239661
374	19428	239618
375	19478	239541
376	19527	239457
377	19577	239389
378	19632	239368
379	19685	239336
380	19741	239335
381	19807	239447
382	19864	239459
383	19920	239466
384	19981	239522
385	20048	239651
386	20111	239728
387	20178	239849
388	20232	239830
389	20286	239799
390	20340	239770
391	20394	239740
392	20446	239687
393	20504	239702
394	20551	239590
395	20603	239545
396	20652	239449
397	20701	239368
398	20748	239258
399	20802	239234
400	20852	239155
401	20906	239124
402	20952	239007
403	21005	238966
404	21057	238907
405	21118	238964
406	21167	238872
407	21218	238807
408	21268	238741
409	21327	238765
410	21393	238873
411	21458	238956
412	21513	238942
413	21567	238906
414	21634	239016
415	21685	238960
416	21727	238792
417	21781	238762
418	21837	238754
419	21897	238782
420	21970	238956
421	22025	238944
422	22081	238929
423	22129	238835
424	22178	238745
425	22226	238649
426	22275	238558
427	22331	238545
428	22383	238499
429	22437	238461
430	22488	238394
431	22545	238396
432	22596	238337
433	22650	238296
434	22700	238228
435	22767	238328
436	22823	238314
437	22877	238278
438	22932	238254
439	22984	238201
440	23108	238892
441	23214	239397
442	23270	239376
443	23320	239299
444	23372	239235
445	23420	239145
446	23467	239035
447	23518	238962
448	23566	238870
449	23618	238804
450	23668	238734
451	23769	239164
452	23870	239604
453	23949	239807
454	24004	239781
455	24059	239753
456	24108	239660
457	24160	239598
458	24207	239492
459	24257	239406
460	24308	239344
461	24359	239271
462	24409	239194
463	24459	239112
464	24507	239009
465	24556	238929
466	24611	238892
467	24665	238854
468	24723	238855
469	24778	238825
470	24858	239030
471	24933	239191
472	24991	239185
473	25042	239115
474	25094	239057
475	25141	238951
476	25191	238873
477	25242	238802
478	25291	238712
479	25350	238712
480	25401	238650
481	25455	238604
482	25504	238519
483	25555	238443
484	25605	238371
485	25656	238303
486	25713	238289
487	25765	238223
488	25817	238164
489	25897	238361
490	25952	238327
491	26005	238278
492	26059	238234
493	26123	238283
494	26175	238227
495	26230	238185
496	26278	238090
497	26325	237985
498	26378	237939
499	26427	237843
500	26478	237777
501	26541	237816
502	26592	237748
503	26639	237641
504	26689	237561
505	26738	237479
506	26803	237527
507	26877	237669
508	26934	237643
509	26984	237572
510	27041	237549
511	27103	237576
512	27160	237558
513	27210	237484
514	27261	237417
515	27311	237334
516	27366	237296
517	27418	237238
518	27469	237166
519	27519	237092
520	27571	237030
521	27623	236965
522	27674	236902
523	27726	236838
524	27779	236782
525	27834	236749
526	27886	236687
527	27936	236613
528	27987	236546
529	28045	236536
530	28099	236493
531	28141	236347
532	28190	236261
533	28236	236149
534	28284	236052
535	28329	235939
536	28374	235819
537	28421	235717
538	28470	235630
539	28518	235543
540	28566	235448
541	28616	235370
542	28663	235271
543	28710	235174
544	28759	235090
545	28809	235012
546	28859	234934
547	28908	234855
548	28958	234783
549	29008	234704
550	29057	234622
551	29105	234530
552	29155	234460
553	29201	234349
554	29252	234282
555	29301	234197
556	29345	234075
557	29392	233982
558	29440	233887
559	29488	233800
560	29538	233724
561	29585	233627
562	29631	233524
563	29677	233422
564	29725	233333
565	29774	233252
566	29821	233154
567	29874	233104
568	29923	233024
569	29970	232931
570	30020	232858
571	30067	232756
572	30113	232657
573	30161	232567
574	30209	232482
575	30258	232398
576	30306	232318
577	30353	232222
578	30402	232144
579	30450	232050
580	30482	231845
581	30530	231759
582	30577	231665
583	30624	231568
584	30670	231468
585	30716	231371
586	30761	231259
587	30811	231188
588	30858	231100
589	30905	231005
590	30949	230890
591	30996	230796
592	31043	230704
593	31093	230634
594	31142	230561
595	31195	230514
596	31242	230423
597	31291	230343
598	31339	230257
599	31386	230165
600	31431	230062
601	31480	229985
602	31528	229903
603	31576	229819
604	31637	229827
605	31688	229769
606	31736	229684
607	31785	229607
608	31834	229534
609	31883	229454
610	31928	229355
611	31978	229281
612	32027	229206
613	32078	229143
614	32129	229084
615	32186	229068
616	32232	228973
617	32284	228917
618	32333	228840
619	32382	228766
620	32430	228681
621	32479	228607
622	32529	228538
623	32576	228454
624	32625	228380
625	32675	228310
626	32723	228226
627	32772	228153
628	32825	228110
629	32874	228036
630	32921	227949
631	32968	227857
632	33017	227782
633	33068	227726
634	33118	227654
635	33163	227556
636	33211	227473
637	33258	227387
638	33310	227334
639	33358	227252
640	33408	227185
641	33458	227119
642	33508	227051
643	33556	226977
644	33606	226910
645	33655	226833
646	33705	226772
647	33752	226684
648	33799	226600
649	33849	226534
650	33897	226450
651	33944	226364
652	33992	226285
653	34040	226205
654	34089	226134
655	34136	226049
656	34188	225995
657	34235	225914
658	34285	225849
659	34330	225751
660	34379	225677
661	34425	225587
662	34475	225522
663	34522	225438
664	34571	225361
665	34617	225274
666	34667	225208
667	34716	225137
668	34770	225101
669	34821	225041
670	34871	224977
671	34922	224916
672	34971	224847
673	35022	224789
674	35073	224727
675	35122	224659
676	35169	224574
677	35221	224523
678	35273	224470
679	35323	224406
680	35372	224335
681	35421	224264
682	35469	224192
683	35519	224126
684	35567	224049
685	35614	223968
686	35660	223878
687	35708	223803
688	35754	223712
689	35805	223655
690	35856	223595
691	35904	223522
692	35952	223445
693	36002	223381
694	36055	223336
695	36115	223332
696	36161	223249
697	36209	223172
698	36257	223092
699	36307	223032
700	36352	222940
701	36403	222879
702	36450	222797
703	36503	222753
704	36552	222688
705	36603	222626
706	36653	222564
707	36671	222306
708	36719	222230
709	36762	222129
710	36813	222074
711	36865	222021
712	36920	221990
713	36969	221923
714	37021	221869
715	37070	221804
716	37117	221720
717	37166	221651
718	37214	221579
719	37265	221524
720	37316	221467
721	37366	221401
722	37416	221339
723	37465	221273
724	37513	221198
725	37561	221129
726	37609	221051
727	37660	220998
728	37708	220925
729	37758	220860
730	37807	220794
731	37858	220735
732	37906	220662
733	37953	220586
734	38002	220515
735	38052	220453
736	38100	220381
737	38150	220318
738	38199	220251
739	38249	220191
740	38296	220116
741	38351	220082
742	38421	220136
743	38490	220183
744	38545	220148
745	38598	220103
746	38647	220038
747	38696	219969
748	38743	219892
749	38792	219824
750	38840	219753
751	38890	219687
752	38939	219622
753	39003	219641
754	39068	219660
755	39126	219646
756	39180	219608
757	39233	219564
758	39286	219517
759	39336	219454
760	39385	219390
761	39437	219338
762	39484	219263
763	39534	219199
764	39588	219157
765	39639	219102
766	39690	219050
767	39739	218980
768	39788	218911
769	39840	218866
770	39894	218824
771	39946	218773
772	39998	218725
773	40050	218674
774	40106	218642
775	40155	218579
776	40205	218517
777	40255	218454
778	40303	218381
779	40369	218410
780	40428	218395
781	40495	218425
782	40585	218583
783	40648	218588
784	40707	218575
785	40767	218568
786	40822	218533
787	40943	218848
788	41035	219009
789	41087	218958
790	41146	218946
791	41201	218907
792	41256	218872
793	41307	218815
794	41359	218765
795	41406	218684
796	41458	218630
797	41508	218570
798	41558	218506
799	41612	218464
800	41665	218417
801	41712	218341
802	41761	218273
803	41817	218240
804	41870	218196
805	41922	218141
806	41975	218096
807	42126	218556
808	42215	218696
809	42272	218671
810	42338	218690
811	42393	218650
812	42452	218633
813	42506	218588
814	42583	218663
815	42634	218606
816	42684	218544
817	42737	218494
818	42791	218450
819	42849	218427
820	42902	218378
821	42965	218379
822	43059	218540
823	43146	218662
824	43204	218642
825	43268	218648
826	43321	218596
827	43380	218581
828	43485	218789
829	43536	218732
830	43605	218763
831	43689	218870
832	43809	219151
833	43901	219296
834	43967	219310
835	44083	219572
836	44146	219573
837	44209	219571
838	44267	219545
839	44326	219522
840	44382	219484
841	44434	219429
842	44486	219369
843	44538	219315
844	44588	219249
845	44642	219204
846	44692	219134
847	44746	219089
848	44796	219020
849	44845	218950
850	44895	218885
851	44948	218834
852	45012	218834
853	45063	218775
854	45110	218695
855	45158	218619
856	45207	218544
857	45260	218493
858	45312	218439
859	45364	218381
860	45412	218306
861	45468	218271
862	45532	218273
863	45582	218206
864	45634	218147
865	45682	218075
866	45735	218019
867	45789	217975
868	45844	217931
869	45900	217894
870	45971	217927
871	46048	217991
872	46110	217983
873	46164	217932
874	46215	217874
875	46271	217837
876	46335	217837
877	46387	217776
878	46441	217730
879	46490	217661
880	46545	217615
881	46563	217400
882	46615	217344
883	46665	217280
884	46693	217111
885	46743	217047
886	46795	216990
887	46853	216960
888	46903	216895
889	46959	216856
890	47015	216818
891	47069	216771
892	47131	216764
893	47182	216701
894	47236	216655
895	47292	216616
896	47344	216560
897	47397	216508
898	47465	216524
899	47516	216463
900	47574	216432
901	47627	216382
902	47678	216321
903	47736	216293
904	47796	216273
905	47849	216219
906	47900	216159
907	47951	216096
908	48002	216039
909	48054	215981
910	48104	215916
911	48157	215861
912	48211	215816
913	48297	215910
914	48348	215849
915	48400	215794
916	48451	215735
917	48502	215672
918	48551	215603
919	48608	215567
920	48660	215511
921	48710	215446
922	48760	215379
923	48815	215337
924	48868	215283
925	48918	215221
926	48970	215163
927	49024	215117
928	49074	215050
929	49131	215016
930	49196	215017
931	49247	214957
932	49298	214895
933	49350	214840
934	49398	214765
935	49449	214704
936	49498	214636
937	49550	214576
938	49601	214515
939	49653	214460
940	49703	214397
941	49754	214336
942	49790	214209
943	49840	214143
944	49894	214096
945	49947	214043
946	49999	213988
947	50056	213955
948	50114	213923
949	50185	213950
950	50238	213895
951	50287	213825
952	50335	213753
953	50383	213681
954	50436	213629
955	50487	213566
956	50538	213505
957	50588	213441
958	50641	213392
959	50691	213327
960	50743	213272
961	50801	213240
962	50852	213179
963	50909	213143
964	50967	213114
965	51018	213053
966	51071	212999
967	51125	212953
968	51177	212894
969	51229	212838
970	51280	212780
971	51330	212717
972	51381	212654
973	51434	212602
974	51492	212572
975	51546	212522
976	51633	212610
977	51700	212618
978	51807	212788
979	51931	213024
980	52020	213117
981	52097	213166
982	52212	213364
983	52423	213955
984	52507	214026
985	52621	214223
986	52706	214296
987	52796	214391
988	52870	214423
989	52959	214511
990	53030	214531
991	53085	214480
992	53146	214458
993	53200	214408
994	53262	214386
995	53327	214381
996	53390	214364
997	53445	214318
998	53495	214251
999	53549	214197
1000	53616	214197
1001	53673	214158
1002	53733	214130
1003	53789	214084
1004	53844	214039
1005	53898	213988
1006	53958	213957
1007	54008	213890
1008	54065	213851
1009	54125	213822
1010	54183	213787
1011	54239	213743
1012	54293	213688
1013	54351	213652
1014	54414	213638
1015	54470	213591
1016	54523	213536
1017	54580	213495
1018	54637	213455
1019	54690	213401
1020	54746	213357
1021	54800	213305
1022	54858	213265
1023	54918	213236
1024	55003	213305
1025	55059	213260
1026	55119	213234
1027	55185	213226
1028	55239	213173
1029	55294	213124
1030	55348	213072
1031	55401	213017
1032	55456	212969
1033	55505	212897
1034	55562	212856
1035	55626	212840
1036	55682	212794
1037	55734	212735
1038	55805	212747
1039	55869	212734
1040	55928	212700
1041	55994	212693
1042	56047	212634
1043	56100	212579
1044	56149	212506
1045	56202	212452
1046	56254	212392
1047	56306	212331
1048	56356	212264
1049	56412	212219
1050	56465	212163
1051	56523	212123
1052	56578	212073
1053	56634	212029
1054	56685	211966
1055	56743	211926
1056	56799	211881
1057	56856	211840
1058	56906	211773
1059	56976	211779
1060	57033	211739
1061	57090	211696
1062	57144	211643
1063	57195	211580
1064	57270	211604
1065	57326	211561
1066	57381	211511
1067	57433	211448
1068	57487	211398
1069	57543	211350
1070	57600	211307
1071	57660	211278
1072	57716	211231
1073	57773	211189
1074	57825	211130
1075	57883	211091
1076	57941	211053
1077	57995	211000
1078	58047	210941
1079	58106	210903
1080	58168	210881
1081	58221	210825
1082	58273	210765
1083	58336	210743
1084	58396	210712
1085	58454	210674
1086	58516	210648
1087	58567	210583
1088	58622	210534
1089	58679	210494
1090	58783	210618
1091	58872	210689
1092	58971	210795
1093	59051	210836
1094	59141	210912
1095	59218	210940
1096	59285	210931
1097	59343	210889
1098	59399	210844
1099	59456	210800
1100	59511	210750
1101	59567	210703
1102	59621	210646
1103	59689	210643
1104	59759	210646
1105	59819	210610
1106	59874	210561
1107	59934	210529
1108	59987	210471
1109	60043	210423
1110	60106	210400
1111	60160	210345
1112	60212	210283
1113	60264	210223
1114	60318	210168
1115	60372	210113
1116	60427	210062
1117	60509	210106
1118	60571	210078
1119	60629	210037
1120	60682	209978
1121	60753	209982
1122	60811	209944
1123	60876	209927
1124	60982	210052
1125	61048	210038
1126	61130	210078
1127	61198	210071
1128	61274	210091
1129	61347	210100
1130	61414	210092
1131	61483	210087
1132	61550	210076
1133	61621	210078
1134	61676	210027
1135	61771	210109
1136	61841	210107
1137	61897	210058
1138	61958	210026
1139	62015	209983
1140	62070	209929
1141	62126	209880
1142	62181	209828
1143	62236	209777
1144	62289	209717
1145	62345	209666
1146	62398	209609
1147	62453	209558
1148	62506	209498
1149	62603	209586
1150	62657	209530
1151	62718	209496
1152	62772	209442
1153	62828	209391
1154	62885	209346
1155	62959	209355
1156	63016	209310
1157	63073	209265
1158	63145	209268
1159	63202	209222
1160	63260	209178
1161	63320	209143
1162	63373	209082
1163	63432	209042
1164	63490	209000
1165	63549	208959
1166	63608	208922
1167	63679	208920
1168	63732	208860
1169	63783	208796
1170	63838	208742
1171	63903	208720
1172	63959	208671
1173	64018	208632
1174	64070	208569
1175	64125	208515
1176	64179	208462
1177	64241	208428
1178	64291	208360
1179	64346	208307
1180	64403	208262
1181	64460	208215
1182	64522	208186
1183	64578	208133
1184	64638	208097
1185	64701	208070
1186	64819	208218
1187	64907	208270
1188	64965	208228
1189	65021	208178
1190	65076	208125
1191	65134	208080
1192	65194	208042
1193	65251	207994
1194	65307	207944
1195	65366	207906
1196	65419	207846
1197	65476	207796
1198	65532	207747
1199	65591	207705
1200	65646	207653
1201	65709	207623
1202	65769	207586
1203	65871	207682
1204	65947	207692
1205	66015	207682
1206	66094	207703
1207	66154	207662
1208	66223	207654
1209	66279	207603
1210	66348	207593
1211	66440	207655
1212	66510	207647
1213	66580	207638
1214	66654	207644
1215	66724	207635
1216	66789	207611
1217	66850	207575
1218	66912	207544
1219	66974	207510
1220	67028	207452
1221	67084	207401
1222	67143	207358
1223	67207	207334
1224	67264	207285
1225	67315	207217
1226	67368	207157
1227	67417	207082
1228	67467	207014
1229	67514	206935
1230	67566	206869
1231	67617	206802
1232	67668	206736
1233	67718	206668
1234	67770	206603
1235	67823	206544
1236	67879	206492
1237	67934	206438
1238	68002	206421
1239	68051	206348
1240	68102	206282
1241	68155	206223
1242	68207	206158
1243	68265	206112
1244	68317	206048
1245	68367	205981
1246	68420	205918
1247	68473	205859
1248	68527	205802
1249	68581	205745
1250	68636	205689
1251	68694	205643
1252	68745	205577
1253	68793	205503
1254	68843	205433
1255	68893	205364
1256	68945	205300
1257	68994	205228
1258	69043	205155
1259	69092	205083
1260	69143	205018
1261	69194	204950
1262	69244	204882
1263	69295	204815
1264	69347	204752
1265	69397	204685
1266	69447	204616
1267	69499	204551
1268	69561	204518
1269	69611	204450
1270	69664	204389
1271	69727	204357
1272	69791	204330
1273	69841	204262
1274	69896	204206
1275	69946	204139
1276	70001	204083
1277	70050	204012
1278	70099	203939
1279	70149	203872
1280	70200	203805
1281	70274	203806
1282	70332	203762
1283	70397	203735
1284	70444	203659
1285	70496	203597
1286	70548	203531
1287	70604	203480
1288	70676	203476
1289	70731	203422
1290	70795	203392
1291	70849	203336
1292	70907	203290
1293	70960	203229
1294	71013	203169
1295	71078	203142
1296	71133	203088
1297	71186	203030
1298	71240	202972
1299	71298	202925
1300	71355	202878
1301	71411	202825
1302	71500	202867
1303	71564	202840
1304	71630	202816
1305	71689	202772
1306	71759	202759
1307	71822	202729
1308	71877	202674
1309	71933	202620
1310	71987	202564
1311	72035	202489
1312	72084	202418
1313	72134	202351
1314	72183	202279
1315	72239	202227
1316	72290	202160
1317	72341	202095
1318	72431	202136
1319	72533	202214
1320	72587	202156
1321	72643	202103
1322	72701	202057
1323	72765	202028
1324	72827	201993
1325	72894	201972
1326	72954	201929
1327	73006	201867
1328	73064	201820
1329	73125	201781
1330	73179	201724
1331	73238	201680
1332	73299	201642
1333	73352	201582
1334	73440	201617
1335	73516	201618
1336	73579	201587
1337	73635	201534
1338	73691	201481
1339	73744	201422
1340	73797	201362
1341	73853	201309
1342	73913	201266
1343	73974	201229
1344	74031	201177
1345	74086	201123
1346	74141	201068
1347	74201	201027
1348	74261	200985
1349	74322	200945
1350	74379	200895
1351	74435	200844
1352	74529	200894
1353	74590	200853
1354	74646	200802
1355	74704	200755
1356	74758	200697
1357	74814	200645
1358	74874	200601
1359	74932	200555
1360	74987	200500
1361	75033	200420
1362	75081	200345
1363	75135	200288
1364	75195	200246
1365	75252	200194
1366	75303	200130
1367	75362	200085
1368	75412	200015
1369	75472	199974
1370	75522	199906
1371	75576	199847
1372	75628	199784
1373	75688	199742
1374	75739	199677
1375	75791	199614
1376	75847	199559
1377	75918	199548
1378	75976	199499
1379	76023	199424
1380	76073	199356
1381	76126	199294
1382	76177	199228
1383	76228	199163
1384	76285	199114
1385	76338	199054
1386	76386	198980
1387	76440	198921
1388	76493	198860
1389	76546	198799
1390	76596	198731
1391	76656	198691
1392	76710	198632
1393	76766	198578
1394	76817	198514
1395	76872	198457
1396	76926	198402
1397	76981	198344
1398	77034	198285
1399	77083	198214
1400	77132	198143
1401	77179	198068
1402	77225	197990
1403	77275	197921
1404	77327	197859
1405	77378	197794
1406	77438	197750
1407	77490	197689
1408	77539	197617
1409	77588	197549
1410	77640	197486
1411	77692	197423
1412	77743	197356
1413	77793	197290
1414	77847	197230
1415	77897	197163
1416	77945	197091
1417	78002	197040
1418	78050	196967
1419	78099	196897
1420	78148	196829
1421	78198	196760
1422	78246	196688
1423	78294	196615
1424	78345	196550
1425	78395	196484
1426	78445	196415
1427	78495	196347
1428	78540	196267
1429	78587	196193
1430	78635	196121
1431	78687	196060
1432	78739	195997
1433	78787	195925
1434	78837	195856
1435	78889	195794
1436	78940	195731
1437	78992	195667
1438	79043	195604
1439	79092	195534
1440	79143	195470
1441	79200	195418
1442	79250	195353
1443	79300	195285
1444	79352	195223
1445	79400	195151
1446	79452	195090
1447	79502	195022
1448	79552	194956
1449	79605	194896
1450	79658	194836
1451	79713	194782
1452	79762	194713
1453	79812	194646
1454	79862	194577
1455	79916	194522
1456	79970	194464
1457	80019	194395
1458	80070	194331
1459	80118	194258
1460	80168	194194
1461	80217	194124
1462	80267	194057
1463	80315	193986
1464	80365	193920
1465	80413	193848
1466	80465	193785
1467	80513	193715
1468	80567	193658
1469	80617	193591
1470	80707	193620
1471	80762	193566
1472	80815	193507
1473	80865	193441
1474	80916	193376
1475	80966	193309
1476	81015	193241
1477	81061	193165
1478	81110	193097
1479	81161	193032
1480	81211	192965
1481	81257	192890
1482	81305	192818
1483	81354	192750
1484	81403	192681
1485	81449	192606
1486	81502	192548
1487	81552	192481
1488	81605	192422
1489	81656	192358
1490	81713	192310
1491	81763	192241
1492	81813	192176
1493	81865	192115
1494	81915	192049
1495	81962	191976
1496	82009	191903
1497	82060	191838
1498	82108	191769
1499	82155	191696
1500	82221	191667
1501	82271	191602
1502	82327	191550
1503	82368	191463
1504	82419	191398
1505	82462	191317
1506	82519	191266
1507	82567	191196
1508	82617	191130
1509	82669	191070
1510	82719	191005
1511	82768	190936
1512	82814	190861
1513	82863	190793
1514	82911	190723
1515	82956	190645
1516	83009	190588
1517	83057	190518
1518	83107	190452
1519	83155	190382
1520	83206	190318
1521	83252	190243
1522	83300	190173
1523	83345	190097
1524	83392	190025
1525	83455	189989
1526	83509	189933
1527	83557	189863
1528	83606	189796
1529	83656	189730
1530	83711	189675
1531	83761	189612
1532	83810	189545
1533	83860	189478
1534	83914	189423
1535	83957	189342
1536	84007	189276
1537	84052	189201
1538	84100	189131
1539	84151	189067
1540	84198	188996
1541	84244	188921
1542	84293	188855
1543	84341	188785
1544	84391	188719
1545	84438	188647
1546	84493	188594
1547	84541	188524
1548	84590	188458
1549	84642	188398
1550	84694	188338
1551	84742	188269
1552	84792	188204
1553	84839	188132
1554	84893	188076
1555	84943	188011
1556	84993	187946
1557	85043	187881
1558	85093	187816
1559	85140	187745
1560	85190	187679
1561	85240	187616
1562	85289	187549
1563	85338	187482
1564	85389	187420
1565	85437	187351
1566	85484	187281
1567	85528	187203
1568	85574	187129
1569	85627	187070
1570	85677	187007
1571	85727	186942
1572	85778	186880
1573	85830	186819
1574	85881	186758
1575	85942	186718
1576	85988	186644
1577	86035	186574
1578	86086	186512
1579	86136	186448
1580	86186	186383
1581	86234	186313
1582	86282	186246
1583	86333	186184
1584	86382	186117
1585	86427	186043
1586	86480	185983
1587	86530	185920
1588	86573	185841
1589	86634	185800
1590	86687	185743
1591	86743	185692
1592	86793	185628
1593	86848	185575
1594	86897	185508
1595	86949	185448
1596	86998	185383
1597	87048	185319
1598	87096	185250
1599	87145	185183
1600	87194	185117
1601	87253	185074
1602	87306	185014
1603	87375	184991
1604	87438	184954
1605	87491	184897
1606	87539	184830
1607	87582	184751
1608	87629	184680
1609	87680	184619
1610	87729	184552
1611	87779	184489
1612	87831	184429
1613	87881	184365
1614	87929	184298
1615	87975	184226
1616	88024	184161
1617	88073	184095
1618	88122	184029
1619	88170	183960
1620	88224	183905
1621	88319	183935
1622	88413	183962
1623	88492	183959
1624	88619	184056
1625	88747	184153
1626	88807	184111
1627	88881	184095
1628	88936	184041
1629	88979	183964
1630	89027	183896
1631	89076	183829
1632	89153	183821
1633	89200	183751
1634	89255	183696
1635	89310	183644
1636	89370	183599
1637	89426	183548
1638	89470	183472
1639	89520	183406
1640	89571	183345
1641	89623	183286
1642	89676	183229
1643	89726	183163
1644	89777	183102
1645	89826	183036
1646	89872	182964
1647	89937	182931
1648	89988	182868
1649	90048	182826
1650	90094	182752
1651	90144	182690
1652	90192	182621
1653	90235	182544
1654	90284	182479
1655	90328	182403
1656	90375	182333
1657	90427	182272
1658	90476	182207
1659	90526	182143
1660	90575	182077
1661	90627	182018
1662	90679	181957
1663	90731	181898
1664	90781	181835
1665	90832	181774
1666	90881	181709
1667	90930	181642
1668	90984	181586
1669	91033	181521
1670	91083	181457
1671	91133	181395
1672	91184	181333
1673	91232	181266
1674	91281	181201
1675	91329	181133
1676	91378	181067
1677	91429	181007
1678	91479	180943
1679	91529	180880
1680	91581	180819
1681	91629	180753
1682	91681	180694
1683	91730	180629
1684	91774	180552
1685	91845	180530
1686	91902	180482
1687	91950	180414
1688	92010	180371
1689	92062	180311
1690	92113	180250
1691	92161	180183
1692	92210	180118
1693	92256	180046
1694	92307	179986
1695	92355	179919
1696	92404	179853
1697	92450	179783
1698	92503	179725
1699	92552	179660
1700	92601	179595
1701	92647	179525
1702	92698	179463
1703	92748	179400
1704	92797	179336
1705	92844	179266
1706	92891	179197
1707	92938	179130
1708	92982	179054
1709	93024	178977
1710	93074	178914
1711	93117	178838
1712	93170	178781
1713	93222	178721
1714	93270	178655
1715	93319	178590
1716	93371	178531
1717	93422	178470
1718	93471	178406
1719	93520	178340
1720	93573	178283
1721	93624	178223
1722	93675	178163
1723	93724	178098
1724	93773	178033
1725	93822	177968
1726	93873	177909
1727	93921	177842
1728	93970	177776
1729	94013	177701
1730	94064	177640
1731	94118	177585
1732	94164	177515
1733	94214	177454
1734	94263	177388
1735	94308	177316
1736	94358	177254
1737	94407	177191
1738	94455	177125
1739	94505	177061
1740	94554	176997
1741	94602	176932
1742	94655	176874
1743	94722	176844
1744	94765	176769
1745	94813	176703
1746	94864	176642
1747	94913	176579
1748	94962	176514
1749	95013	176454
1750	95066	176397
1751	95114	176330
1752	95164	176267
1753	95216	176209
1754	95266	176148
1755	95316	176085
1756	95367	176026
1757	95418	175964
1758	95462	175891
1759	95510	175826
1760	95562	175768
1761	95609	175700
1762	95664	175647
1763	95714	175584
1764	95768	175530
1765	95814	175460
1766	95865	175401
1767	95915	175338
1768	95966	175278
1769	96018	175220
1770	96065	175153
1771	96109	175080
1772	96160	175019
1773	96210	174957
1774	96260	174896
1775	96312	174838
1776	96363	174778
1777	96414	174717
1778	96471	174667
1779	96520	174604
1780	96571	174543
1781	96617	174476
1782	96669	174416
1783	96718	174352
1784	96770	174294
1785	96823	174238
1786	96875	174180
1787	96924	174117
1788	96997	174097
1789	97066	174068
1790	97122	174017
1791	97173	173958
1792	97227	173903
1793	97349	173970
1794	97450	173998
1795	97497	173932
1796	97552	173878
1797	97605	173823
1798	97661	173771
1799	97706	173701
1800	97753	173632
1801	97802	173569
1802	97857	173516
1803	97912	173464
1804	97963	173403
1805	98015	173345
1806	98065	173284
1807	98114	173219
1808	98163	173155
1809	98222	173110
1810	98277	173058
1811	98329	172999
1812	98476	173107
1813	98541	173072
1814	98589	173006
1815	98637	172940
1816	98688	172881
1817	98740	172823
1818	98796	172771
1819	98847	172711
1820	98896	172648
1821	98949	172591
1822	99034	172590
1823	99101	172558
1824	99163	172516
1825	99213	172454
1826	99260	172389
1827	99312	172329
1828	99360	172264
1829	99411	172204
1830	99460	172141
1831	99512	172082
1832	99563	172023
1833	99617	171967
1834	99663	171898
1835	99710	171832
1836	99760	171769
1837	99813	171713
1838	99862	171651
1839	99908	171581
1840	99954	171514
1841	100003	171449
1842	100053	171388
1843	100105	171330
1844	100155	171269
1845	100210	171215
1846	100261	171155
1847	100312	171095
1848	100361	171032
1849	100412	170973
1850	100460	170908
1851	100511	170847
1852	100558	170781
1853	100610	170722
1854	100658	170657
1855	100705	170590
1856	100752	170524
1857	100803	170465
1858	100850	170399
1859	100903	170342
1860	100952	170278
1861	101001	170215
1862	101049	170150
1863	101103	170096
1864	101146	170022
1865	101190	169952
1866	101238	169888
1867	101292	169832
1868	101341	169769
1869	101389	169706
1870	101439	169644
1871	101490	169584
1872	101541	169525
1873	101595	169469
1874	101645	169409
1875	101695	169347
1876	101745	169286
1877	101794	169224
1878	101842	169159
1879	101891	169095
1880	101939	169032
1881	101991	168973
1882	102036	168905
1883	102080	168833
1884	102130	168771
1885	102181	168713
1886	102232	168653
1887	102302	168625
1888	102351	168563
1889	102417	168528
1890	102482	168491
1891	102553	168465
1892	102615	168424
1893	102708	168433
1894	102802	168444
1895	102878	168425
1896	102939	168381
1897	102996	168332
1898	103043	168265
1899	103092	168203
1900	103158	168168
1901	103213	168114
1902	103267	168060
1903	103326	168014
1904	103371	167945
1905	103423	167886
1906	103479	167834
1907	103523	167764
1908	103575	167707
1909	103630	167653
1910	103686	167601
1911	103738	167543
1912	103791	167487
1913	103842	167428
1914	103895	167371
1915	103948	167315
1916	103996	167251
1917	104048	167193
1918	104100	167135
1919	104153	167079
1920	104205	167022
1921	104256	166962
1922	104305	166899
1923	104369	166860
1924	104425	166809
1925	104480	166756
1926	104538	166708
1927	104595	166657
1928	104647	166600
1929	104697	166539
1930	104746	166476
1931	104795	166414
1932	104845	166353
1933	104903	166304
1934	104970	166271
1935	105021	166212
1936	105074	166155
1937	105122	166091
1938	105171	166028
1939	105221	165967
1940	105268	165902
1941	105318	165842
1942	105367	165778
1943	105420	165722
1944	105471	165663
1945	105516	165594
1946	105566	165533
1947	105613	165468
1948	105671	165420
1949	105724	165363
1950	105779	165311
1951	105849	165281
1952	105894	165213
1953	105949	165159
1954	106000	165100
1955	106047	165034
1956	106096	164972
1957	106140	164902
1958	106186	164836
1959	106238	164777
1960	106288	164717
1961	106369	164704
1962	106427	164656
1963	106486	164609
1964	106538	164552
1965	106594	164500
1966	106661	164466
1967	106725	164426
1968	106780	164373
1969	106834	164318
1970	106888	164264
1971	106943	164211
1972	106991	164148
1973	107042	164088
1974	107090	164025
1975	107142	163967
1976	107193	163907
1977	107242	163846
1978	107292	163785
1979	107341	163723
1980	107391	163662
1981	107443	163604
1982	107492	163542
1983	107543	163483
1984	107599	163431
1985	107663	163391
1986	107711	163329
1987	107766	163276
1988	107816	163215
1989	107875	163168
1990	107926	163110
1991	107979	163052
1992	108040	163009
1993	108089	162947
1994	108142	162891
1995	108189	162825
1996	108235	162759
1997	108292	162709
1998	108345	162654
1999	108393	162590
2000	108451	162542
2001	108508	162491
2002	108564	162439
2003	108651	162435
2004	108716	162396
2005	108775	162349
2006	108830	162296
2007	108883	162240
2008	108930	162176
2009	108982	162118
2010	109031	162055
2011	109081	161995
2012	109150	161963
2013	109216	161926
2014	109262	161860
2015	109315	161803
2016	109363	161740
2017	109416	161684
2018	109466	161624
2019	109517	161565
2020	109570	161509
2021	109623	161454
2022	109674	161393
2023	109726	161337
2024	109777	161277
2025	109829	161220
2026	109880	161161
2027	109930	161100
2028	109983	161045
2029	110035	160987
2030	110086	160928
2031	110142	160877
2032	110196	160822
2033	110247	160764
2034	110302	160710
2035	110354	160652
2036	110399	160585
2037	110443	160516
2038	110488	160450
2039	110542	160394
2040	110589	160330
2041	110641	160273
2042	110689	160210
2043	110752	160168
2044	110802	160108
2045	110852	160047
2046	110900	159985
2047	110950	159924
2048	110994	159856
2049	111045	159797
2050	111095	159736
2051	111147	159679
2052	111199	159622
2053	111243	159553
2054	111293	159493
2055	111343	159433
2056	111396	159377
2057	111440	159309
2058	111497	159258
2059	111549	159202
2060	111604	159149
2061	111659	159095
2062	111702	159025
2063	111756	158970
2064	111806	158910
2065	111853	158846
2066	111902	158785
2067	111954	158728
2068	112006	158671
2069	112054	158608
2070	112104	158548
2071	112154	158488
2072	112204	158428
2073	112255	158370
2074	112304	158308
2075	112357	158253
2076	112407	158192
2077	112451	158124
2078	112501	158064
2079	112552	158006
2080	112601	157944
2081	112654	157889
2082	112703	157827
2083	112755	157771
2084	112805	157710
2085	112856	157653
2086	112908	157595
2087	112962	157541
2088	113016	157488
2089	113072	157436
2090	113152	157417
2091	113211	157370
2092	113262	157312
2093	113314	157254
2094	113365	157196
2095	113428	157154
2096	113482	157100
2097	113535	157044
2098	113585	156985
2099	113631	156919
2100	113682	156861
2101	113736	156806
2102	113786	156747
2103	113837	156688
2104	113885	156626
2105	113937	156569
2106	113988	156511
2107	114039	156452
2108	114089	156393
2109	114139	156333
2110	114198	156285
2111	114250	156229
2112	114299	156167
2113	114361	156124
2114	114415	156069
2115	114466	156012
2116	114517	155953
2117	114573	155901
2118	114621	155839
2119	114671	155780
2120	114723	155723
2121	114772	155662
2122	114830	155613
2123	114885	155560
2124	114931	155494
2125	114980	155434
2126	115031	155376
2127	115079	155313
2128	115129	155254
2129	115176	155190
2130	115225	155130
2131	115278	155074
2132	115321	155006
2133	115372	154946
2134	115425	154891
2135	115476	154833
2136	115528	154776
2137	115584	154725
2138	115636	154668
2139	115688	154612
2140	115744	154559
2141	115792	154498
2142	115843	154440
2143	115897	154386
2144	115951	154332
2145	116003	154274
2146	116050	154211
2147	116101	154153
2148	116150	154092
2149	116202	154035
2150	116250	153974
2151	116303	153918
2152	116354	153860
2153	116407	153804
2154	116455	153743
2155	116505	153683
2156	116558	153628
2157	116611	153572
2158	116656	153507
2159	116707	153448
2160	116756	153388
2161	116810	153334
2162	116878	153298
2163	116930	153241
2164	116982	153185
2165	117033	153127
2166	117080	153063
2167	117131	153006
2168	117187	152954
2169	117232	152888
2170	117282	152829
2171	117342	152783
2172	117392	152724
2173	117444	152666
2174	117490	152602
2175	117549	152554
2176	117600	152496
2177	117644	152430
2178	117693	152369
2179	117747	152315
2180	117799	152258
2181	117853	152205
2182	117907	152150
2183	117959	152093
2184	118008	152033
2185	118059	151976
2186	118108	151915
2187	118159	151857
2188	118202	151789
2189	118247	151724
2190	118299	151667
2191	118351	151611
2192	118406	151558
2193	118458	151502
2194	118511	151445
2195	118564	151390
2196	118613	151331
2197	118663	151272
2198	118718	151218
2199	118770	151162
2200	118820	151103
2201	118874	151049
2202	118924	150990
2203	118972	150928
2204	119022	150870
2205	119071	150809
2206	119121	150750
2207	119174	150695
2208	119224	150636
2209	119274	150577
2210	119322	150516
2211	119372	150457
2212	119422	150397
2213	119502	150376
2214	119568	150337
2215	119620	150281
2216	119673	150225
2217	119723	150167
2218	119779	150115
2219	119831	150058
2220	119878	149996
2221	119930	149939
2222	119990	149893
2223	120040	149835
2224	120092	149778
2225	120141	149718
2226	120195	149664
2227	120251	149612
2228	120303	149556
2229	120355	149500
2230	120409	149446
2231	120466	149395
2232	120520	149341
2233	120579	149294
2234	120638	149245
2235	120685	149183
2236	120734	149123
2237	120785	149066
2238	120840	149012
2239	120884	148947
2240	120939	148893
2241	120987	148833
2242	121041	148779
2243	121093	148722
2244	121145	148666
2245	121199	148612
2246	121248	148552
2247	121296	148491
2248	121347	148433
2249	121397	148374
2250	121459	148330
2251	121507	148268
2252	121561	148215
2253	121620	148167
2254	121669	148107
2255	121723	148053
2256	121773	147995
2257	121824	147937
2258	121873	147876
2259	121920	147814
2260	121966	147751
2261	122019	147696
2262	122074	147643
2263	122120	147579
2264	122173	147524
2265	122221	147463
2266	122271	147405
2267	122323	147349
2268	122374	147291
2269	122428	147237
2270	122479	147180
2271	122531	147123
2272	122583	147067
2273	122630	147006
2274	122683	146950
2275	122738	146897
2276	122786	146837
2277	122837	146779
2278	122888	146722
2279	122937	146662
2280	122987	146603
2281	123030	146537
2282	123070	146466
2283	123114	146401
2284	123165	146342
2285	123211	146280
2286	123256	146215
2287	123308	146159
2288	123358	146100
2289	123409	146043
2290	123456	145981
2291	123510	145927
2292	123560	145868
2293	123609	145810
2294	123655	145745
2295	123704	145687
2296	123756	145630
2297	123808	145574
2298	123858	145516
2299	123906	145455
2300	123954	145394
2301	124004	145335
2302	124055	145279
2303	124100	145214
2304	124146	145152
2305	124201	145098
2306	124251	145041
2307	124301	144982
2308	124352	144925
2309	124396	144860
2310	124448	144804
2311	124493	144740
2312	124543	144681
2313	124594	144624
2314	124645	144567
2315	124698	144512
2316	124751	144457
2317	124801	144399
2318	124854	144344
2319	124906	144289
2320	124958	144232
2321	125012	144179
2322	125065	144124
2323	125113	144063
2324	125165	144008
2325	125214	143948
2326	125263	143889
2327	125313	143830
2328	125368	143778
2329	125418	143719
2330	125472	143665
2331	125526	143612
2332	125575	143553
2333	125624	143494
2334	125675	143436
2335	125727	143381
2336	125778	143323
2337	125826	143262
2338	125877	143206
2339	125926	143147
2340	125978	143091
2341	126039	143045
2342	126110	143011
2343	126171	142965
2344	126219	142905
2345	126268	142846
2346	126320	142789
2347	126369	142731
2348	126422	142675
2349	126472	142618
2350	126526	142564
2351	126577	142507
2352	126629	142451
2353	126682	142396
2354	126733	142340
2355	126779	142277
2356	126824	142213
2357	126875	142156
2358	126939	142114
2359	126986	142053
2360	127035	141993
2361	127086	141936
2362	127134	141876
2363	127185	141819
2364	127234	141760
2365	127287	141705
2366	127336	141645
2367	127387	141589
2368	127437	141531
2369	127488	141474
2370	127537	141415
2371	127589	141359
2372	127637	141299
2373	127694	141249
2374	127740	141186
2375	127789	141128
2376	127834	141063
2377	127884	141006
2378	127927	140940
2379	127980	140885
2380	128032	140830
2381	128084	140774
2382	128129	140711
2383	128177	140651
2384	128222	140587
2385	128278	140536
2386	128328	140478
2387	128377	140420
2388	128423	140357
2389	128471	140296
2390	128528	140246
2391	128578	140189
2392	128635	140138
2393	128689	140085
2394	128736	140024
2395	128788	139968
2396	128837	139909
2397	128887	139852
2398	128941	139798
2399	128991	139740
2400	129045	139686
2401	129093	139627
2402	129144	139570
2403	129187	139505
2404	129242	139453
2405	129289	139392
2406	129338	139332
2407	129388	139274
2408	129441	139221
2409	129494	139166
2410	129548	139112
2411	129592	139048
2412	129649	138998
2413	129696	138937
2414	129748	138881
2415	129814	138841
2416	129867	138787
2417	129924	138736
2418	129975	138680
2419	130024	138620
2420	130075	138564
2421	130125	138506
2422	130172	138445
2423	130221	138387
2424	130268	138326
2425	130318	138268
2426	130369	138211
2427	130419	138154
2428	130471	138098
2429	130525	138045
2430	130577	137989
2431	130628	137933
2432	130674	137871
2433	130722	137811
2434	130781	137763
2435	130832	137707
2436	130878	137644
2437	130927	137586
2438	130990	137542
2439	131038	137483
2440	131088	137425
2441	131141	137370
2442	131191	137312
2443	131251	137266
2444	131298	137205
2445	131347	137147
2446	131400	137092
2447	131451	137035
2448	131503	136981
2449	131553	136923
2450	131599	136860
2451	131655	136810
2452	131705	136752
2453	131756	136696
2454	131804	136636
2455	131853	136577
2456	131897	136514
2457	131948	136457
2458	131998	136400
2459	132055	136350
2460	132102	136289
2461	132153	136233
2462	132215	136187
2463	132269	136134
2464	132324	136082
2465	132377	136027
2466	132430	135972
2467	132482	135918
2468	132533	135861
2469	132583	135804
2470	132634	135747
2471	132686	135692
2472	132734	135632
2473	132787	135578
2474	132834	135517
2475	132889	135465
2476	132938	135407
2477	132990	135352
2478	133041	135295
2479	133088	135235
2480	133141	135180
2481	133185	135117
2482	133237	135062
2483	133289	135006
2484	133339	134948
2485	133391	134894
2486	133441	134836
2487	133497	134784
2488	133548	134728
2489	133598	134672
2490	133645	134611
2491	133697	134556
2492	133743	134494
2493	133792	134435
2494	133867	134404
2495	133925	134354
2496	133974	134296
2497	134022	134237
2498	134087	134195
2499	134138	134138
2500	134189	134082
2501	134239	134024
2502	134288	133966
2503	134334	133905
2504	134384	133847
2505	134434	133791
2506	134491	133740
2507	134541	133683
2508	134590	133624
2509	134636	133564
2510	134687	133507
2511	134738	133451
2512	134789	133394
2513	134840	133339
2514	134890	133281
2515	134940	133224
2516	134993	133170
2517	135045	133115
2518	135098	133060
2519	135148	133003
2520	135199	132947
2521	135247	132887
2522	135298	132831
2523	135347	132773
2524	135394	132713
2525	135446	132658
2526	135502	132606
2527	135546	132543
2528	135591	132481
2529	135634	132417
2530	135685	132361
2531	135735	132304
2532	135781	132243
2533	135824	132179
2534	135874	132122
2535	135927	132068
2536	135977	132011
2537	136027	131954
2538	136079	131899
2539	136131	131843
2540	136184	131789
2541	136233	131731
2542	136279	131670
2543	136324	131609
2544	136376	131553
2545	136426	131496
2546	136482	131445
2547	136534	131390
2548	136585	131334
2549	136638	131280
2550	136690	131225
2551	136739	131167
2552	136791	131112
2553	136836	131050
2554	136888	130995
2555	136940	130939
2556	136986	130879
2557	137035	130821
2558	137088	130767
2559	137132	130704
2560	137179	130644
2561	137229	130587
2562	137278	130529
2563	137329	130473
2564	137380	130418
2565	137430	130361
2566	137485	130308
2567	137536	130253
2568	137586	130195
2569	137634	130137
2570	137688	130083
2571	137737	130025
2572	137785	129967
2573	137835	129910
2574	137885	129853
2575	137936	129797
2576	137985	129739
2577	138032	129679
2578	138084	129624
2579	138135	129568
2580	138186	129512
2581	138246	129465
2582	138297	129409
2583	138345	129350
2584	138410	129308
2585	138464	129255
2586	138530	129212
2587	138578	129153
2588	138629	129098
2589	138680	129042
2590	138731	128986
2591	138778	128926
2592	138828	128870
2593	138880	128815
2594	138930	128758
2595	138980	128701
2596	139030	128644
2597	139081	128588
2598	139132	128532
2599	139181	128474
2600	139230	128417
2601	139280	128361
2602	139330	128303
2603	139380	128247
2604	139429	128189
2605	139479	128133
2606	139526	128073
2607	139577	128017
2608	139630	127963
2609	139682	127908
2610	139736	127855
2611	139787	127799
2612	139833	127738
2613	139883	127682
2614	139934	127626
2615	139984	127570
2616	140034	127513
2617	140086	127458
2618	140136	127401
2619	140184	127343
2620	140230	127282
2621	140282	127227
2622	140333	127172
2623	140381	127113
2624	140432	127058
2625	140479	126998
2626	140524	126937
2627	140570	126877
2628	140621	126821
2629	140670	126763
2630	140712	126700
2631	140756	126637
2632	140803	126578
2633	140853	126522
2634	140903	126465
2635	140955	126410
2636	140994	126344
2637	141044	126287
2638	141120	126254
2639	141174	126201
2640	141218	126139
2641	141274	126087
2642	141321	126029
2643	141376	125977
2644	141425	125919
2645	141481	125868
2646	141544	125823
2647	141595	125767
2648	141644	125710
2649	141698	125657
2650	141749	125601
2651	141798	125544
2652	141849	125488
2653	141901	125433
2654	141949	125375
2655	142000	125319
2656	142056	125268
2657	142103	125209
2658	142153	125152
2659	142202	125095
2660	142250	125037
2661	142294	124975
2662	142340	124915
2663	142388	124856
2664	142439	124801
2665	142493	124748
2666	142540	124689
2667	142589	124632
2668	142635	124572
2669	142678	124509
2670	142722	124448
2671	142767	124387
2672	142816	124329
2673	142883	124288
2674	142927	124226
2675	142978	124170
2676	143033	124119
2677	143083	124062
2678	143132	124005
2679	143181	123948
2680	143225	123886
2681	143275	123830
2682	143324	123773
2683	143371	123714
2684	143418	123655
2685	143476	123605
2686	143507	123532
2687	143557	123476
2688	143609	123422
2689	143658	123364
2690	143707	123307
2691	143757	123251
2692	143800	123189
2693	143853	123135
2694	143903	123078
2695	143942	123013
2696	143993	122957
2697	144038	122897
2698	144087	122840
2699	144138	122784
2700	144189	122729
2701	144238	122672
2702	144289	122616
2703	144334	122556
2704	144385	122500
2705	144433	122443
2706	144487	122389
2707	144535	122331
2708	144578	122269
2709	144626	122211
2710	144669	122150
2711	144720	122094
2712	144767	122035
2713	144826	121986
2714	144870	121925
2715	144918	121868
2716	144968	121812
2717	145018	121755
2718	145068	121700
2719	145111	121637
2720	145162	121582
2721	145215	121528
2722	145266	121473
2723	145311	121412
2724	145361	121356
2725	145416	121304
2726	145472	121253
2727	145523	121198
2728	145574	121143
2729	145629	121091
2730	145679	121035
2731	145729	120979
2732	145780	120923
2733	145833	120869
2734	145882	120812
2735	145934	120759
2736	145984	120702
2737	146034	120646
2738	146081	120587
2739	146129	120530
2740	146174	120469
2741	146224	120413
2742	146276	120359
2743	146329	120305
2744	146378	120249
2745	146428	120192
2746	146477	120135
2747	146528	120080
2748	146576	120022
2749	146629	119969
2750	146679	119913
2751	146727	119855
2752	146775	119798
2753	146827	119743
2754	146878	119688
2755	146927	119631
2756	146976	119575
2757	147025	119518
2758	147078	119464
2759	147129	119409
2760	147183	119356
2761	147232	119300
2762	147282	119244
2763	147329	119185
2764	147380	119130
2765	147432	119075
2766	147482	119020
2767	147532	118964
2768	147584	118909
2769	147634	118853
2770	147681	118795
2771	147730	118738
2772	147781	118683
2773	147828	118625
2774	147880	118570
2775	147930	118514
2776	147980	118458
2777	148029	118402
2778	148096	118359
2779	148144	118302
2780	148194	118246
2781	148244	118190
2782	148293	118133
2783	148344	118078
2784	148397	118024
2785	148450	117971
2786	148502	117917
2787	148548	117858
2788	148600	117804
2789	148649	117747
2790	148699	117691
2791	148752	117638
2792	148803	117582
2793	148886	117553
2794	148934	117495
2795	148983	117438
2796	149033	117383
2797	149078	117323
2798	149125	117264
2799	149176	117209
2800	149225	117153
2801	149272	117095
2802	149322	117039
2803	149374	116985
2804	149439	116941
2805	149489	116884
2806	149534	116825
2807	149582	116768
2808	149631	116711
2809	149673	116649
2810	149725	116594
2811	149777	116540
2812	149828	116485
2813	149876	116428
2814	149916	116365
2815	149967	116310
2816	150018	116255
2817	150065	116196
2818	150119	116144
2819	150170	116089
2820	150220	116033
2821	150269	115977
2822	150320	115921
2823	150370	115866
2824	150425	115814
2825	150478	115761
2826	150528	115705
2827	150580	115650
2828	150633	115597
2829	150684	115542
2830	150730	115483
2831	150778	115426
2832	150828	115370
2833	150877	115314
2834	150929	115260
2835	150978	115203
2836	151026	115146
2837	151075	115089
2838	151123	115032
2839	151171	114975
2840	151214	114914
2841	151264	114859
2842	151313	114802
2843	151363	114746
2844	151413	114691
2845	151467	114638
2846	151512	114578
2847	151561	114522
2848	151611	114466
2849	151660	114410
2850	151709	114353
2851	151767	114304
2852	151815	114247
2853	151865	114191
2854	151911	114132
2855	151961	114077
2856	152012	114022
2857	152062	113967
2858	152113	113911
2859	152168	113860
2860	152216	113803
2861	152269	113749
2862	152318	113693
2863	152369	113639
2864	152422	113585
2865	152473	113530
2866	152519	113472
2867	152569	113416
2868	152623	113363
2869	152676	113310
2870	152725	113254
2871	152778	113200
2872	152826	113144
2873	152874	113086
2874	152925	113031
2875	152974	112975
2876	153022	112918
2877	153079	112868
2878	153125	112809
2879	153172	112752
2880	153219	112694
2881	153271	112640
2882	153317	112582
2883	153368	112527
2884	153420	112472
2885	153469	112416
2886	153519	112360
2887	153574	112309
2888	153628	112256
2889	153679	112201
2890	153730	112147
2891	153778	112089
2892	153825	112032
2893	153872	111974
2894	153920	111918
2895	153971	111862
2896	154020	111807
2897	154075	111754
2898	154120	111695
2899	154169	111639
2900	154218	111583
2901	154268	111528
2902	154315	111471
2903	154367	111416
2904	154419	111362
2905	154470	111307
2906	154521	111253
2907	154578	111203
2908	154629	111148
2909	154683	111095
2910	154732	111039
2911	154784	110985
2912	154833	110929
2913	154878	110870
2914	154920	110809
2915	154968	110752
2916	155012	110692
2917	155061	110636
2918	155113	110583
2919	155171	110532
2920	155221	110477
2921	155268	110420
2922	155317	110363
2923	155364	110306
2924	155415	110251
2925	155464	110195
2926	155510	110137
2927	155566	110086
2928	155619	110033
2929	155671	109979
2930	155722	109924
2931	155771	109868
2932	155820	109813
2933	155870	109757
2934	155912	109696
2935	155961	109640
2936	156011	109585
2937	156061	109529
2938	156114	109476
2939	156169	109425
2940	156221	109370
2941	156273	109316
2942	156325	109263
2943	156384	109214
2944	156431	109156
2945	156483	109102
2946	156552	109060
2947	156610	109010
2948	156658	108954
2949	156708	108899
2950	156758	108844
2951	156810	108790
2952	156861	108735
2953	156908	108678
2954	156958	108622
2955	157004	108564
2956	157053	108508
2957	157104	108453
2958	157150	108395
2959	157199	108339
2960	157248	108284
2961	157296	108227
2962	157345	108171
2963	157394	108116
2964	157445	108061
2965	157491	108003
2966	157544	107949
2967	157597	107896
2968	157645	107840
2969	157697	107786
2970	157745	107730
2971	157793	107673
2972	157836	107613
2973	157880	107553
2974	157928	107497
2975	157976	107440
2976	158025	107384
2977	158072	107328
2978	158117	107269
2979	158166	107213
2980	158219	107160
2981	158268	107104
2982	158323	107052
2983	158373	106997
2984	158424	106942
2985	158473	106887
2986	158521	106830
2987	158572	106776
2988	158622	106721
2989	158667	106662
2990	158720	106609
2991	158763	106549
2992	158816	106496
2993	158864	106440
2994	158916	106386
2995	158963	106329
2996	159009	106271
2997	159063	106219
2998	159115	106165
2999	159163	106109
3000	159215	106055
3001	159261	105997
3002	159307	105939
3003	159353	105881
3004	159410	105831
3005	159462	105778
3006	159514	105724
3007	159564	105669
3008	159614	105613
3009	159667	105561
3010	159714	105503
3011	159765	105449
3012	159815	105394
3013	159866	105340
3014	159917	105285
3015	159973	105234
3016	160025	105180
3017	160076	105126
3018	160128	105072
3019	160177	105016
3020	160228	104962
3021	160272	104903
3022	160318	104845
3023	160368	104790
3024	160416	104734
3025	160467	104680
3026	160516	104624
3027	160564	104568
3028	160613	104512
3029	160662	104457
3030	160712	104402
3031	160763	104347
3032	160814	104293
3033	160870	104242
3034	160919	104187
3035	160973	104134
3036	161020	104077
3037	161071	104023
3038	161120	103967
3039	161172	103913
3040	161219	103857
3041	161272	103804
3042	161322	103749
3043	161379	103698
3044	161430	103644
3045	161483	103591
3046	161534	103536
3047	161589	103485
3048	161641	103431
3049	161687	103373
3050	161736	103318
3051	161791	103266
3052	161847	103215
3053	161898	103161
3054	161951	103107
3055	162008	103057
3056	162070	103010
3057	162116	102952
3058	162166	102898
3059	162216	102843
3060	162269	102789
3061	162325	102739
3062	162370	102680
3063	162416	102623
3064	162465	102568
3065	162511	102510
3066	162564	102457
3067	162616	102404
3068	162669	102350
3069	162721	102297
3070	162774	102244
3071	162825	102189
3072	162876	102135
3073	162926	102080
3074	162980	102028
3075	163035	101976
3076	163123	101945
3077	163173	101890
3078	163228	101838
3079	163280	101785
3080	163333	101732
3081	163390	101681
3082	163443	101628
3083	163494	101574
3084	163544	101519
3085	163595	101465
3086	163643	101409
3087	163696	101355
3088	163765	101313
3089	163824	101263
3090	163878	101211
3091	163931	101158
3092	163980	101102
3093	164033	101049
3094	164081	100993
3095	164133	100939
3096	164181	100883
3097	164231	100829
3098	164280	100773
3099	164332	100719
3100	164389	100669
3101	164441	100615
3102	164491	100560
3103	164539	100504
3104	164591	100451
3105	164643	100397
3106	164691	100341
3107	164740	100285
3108	164788	100229
3109	164835	100173
3110	164884	100118
3111	164933	100062
3112	164980	100005
3113	165028	99949
3114	165071	99890
3115	165137	99845
3116	165188	99791
3117	165237	99736
3118	165288	99681
3119	165348	99633
3120	165447	99608
3121	165518	99565
3122	165574	99514
3123	165635	99466
3124	165690	99414
3125	165747	99363
3126	165802	99312
3127	165882	99275
3128	165936	99222
3129	165993	99171
3130	166043	99117
3131	166097	99064
3132	166146	99008
3133	166198	98955
3134	166244	98898
3135	166296	98844
3136	166343	98788
3137	166398	98736
3138	166457	98686
3139	166526	98642
3140	166633	98621
3141	166716	98586
3142	166764	98530
3143	166828	98483
3144	166889	98435
3145	166954	98389
3146	167125	98406
3147	167222	98378
3148	167293	98336
3149	167364	98293
3150	167443	98255
3151	167515	98213
3152	167582	98168
3153	167696	98150
3154	167778	98114
3155	167837	98064
3156	167910	98023
3157	167970	97973
3158	168038	97929
3159	168097	97879
3160	168171	97838
3161	168229	97788
3162	168287	97737
3163	168347	97688
3164	168408	97639
3165	168468	97590
3166	168590	97577
3167	168682	97545
3168	168744	97497
3169	168798	97445
3170	168850	97391
3171	168902	97337
3172	168953	97282
3173	169000	97225
3174	169049	97170
3175	169099	97114
3176	169157	97064
3177	169207	97009
3178	169293	96974
3179	169371	96935
3180	169445	96894
3181	169501	96843
3182	169572	96799
3183	169637	96752
3184	169694	96702
3185	169748	96649
3186	169807	96598
3187	169860	96545
3188	169922	96497
3189	169982	96447
3190	170046	96400
3191	170217	96413
3192	170277	96364
3193	170352	96323
3194	170411	96273
3195	170471	96223
3196	170530	96173
3197	170580	96117
3198	170636	96066
3199	170687	96011
3200	170740	95958
3201	170790	95903
3202	170849	95852
3203	170897	95796
3204	170946	95740
3205	170995	95684
3206	171046	95630
3207	171095	95574
3208	171144	95518
3209	171195	95464
3210	171245	95408
3211	171298	95355
3212	171361	95307
3213	171415	95254
3214	171468	95201
3215	171517	95145
3216	171568	95090
3217	171616	95034
3218	171661	94976
3219	171705	94918
3220	171755	94862
3221	171801	94805
3222	171849	94749
3223	171894	94691
3224	171942	94635
3225	171996	94582
3226	172047	94527
3227	172099	94473
3228	172147	94417
3229	172203	94365
3230	172304	94338
3231	172389	94302
3232	172445	94250
3233	172514	94205
3234	172565	94151
3235	172622	94099
3236	172685	94051
3237	172746	94002
3238	172796	93947
3239	172849	93893
3240	172908	93843
3241	172958	93788
3242	173011	93734
3243	173114	93708
3244	173224	93685
3245	173288	93637
3246	173344	93585
3247	173399	93533
3248	173448	93477
3249	173499	93423
3250	173556	93371
3251	173606	93316
3252	173654	93259
3253	173700	93202
3254	173762	93154
3255	173826	93106
3256	173877	93051
3257	173933	92999
3258	173987	92946
3259	174042	92893
3260	174098	92841
3261	174171	92799
3262	174225	92745
3263	174312	92710
3264	174397	92673
3265	174468	92629
3266	174528	92579
3267	174576	92523
3268	174622	92465
3269	174676	92412
3270	174730	92359
3271	174782	92305
3272	174838	92253
3273	174897	92203
3274	174956	92152
3275	175011	92100
3276	175066	92047
3277	175120	91994
3278	175174	91941
3279	175229	91888
3280	175282	91835
3281	175401	91815
3282	175472	91771
3283	175520	91715
3284	175573	91661
3285	175619	91604
3286	175668	91548
3287	175715	91491
3288	175764	91435
3289	175823	91385
3290	175877	91332
3291	175928	91277
3292	175982	91224
3293	176035	91170
3294	176091	91118
3295	176146	91065
3296	176200	91012
3297	176252	90958
3298	176306	90905
3299	176363	90853
3300	176409	90796
3301	176459	90741
3302	176524	90693
3303	176577	90640
3304	176631	90587
3305	176683	90532
3306	176731	90476
3307	176780	90420
3308	176829	90365
3309	176878	90309
3310	176946	90263
3311	177006	90213
3312	177055	90157
3313	177103	90101
3314	177148	90043
3315	177193	89985
3316	177238	89928
3317	177293	89875
3318	177350	89824
3319	177406	89771
3320	177462	89719
3321	177520	89668
3322	177575	89616
3323	177634	89565
3324	177682	89509
3325	177729	89452
3326	177772	89393
3327	177824	89339
3328	177873	89284
3329	177924	89229
3330	177973	89173
3331	178023	89118
3332	178068	89060
3333	178136	89014
3334	178189	88961
3335	178237	88904
3336	178287	88849
3337	178341	88796
3338	178410	88750
3339	178462	88696
3340	178518	88644
3341	178570	88590
3342	178620	88535
3343	178673	88481
3344	178719	88424
3345	178763	88366
3346	178811	88310
3347	178860	88255
3348	178908	88198
3349	178957	88143
3350	179002	88085
3351	179055	88032
3352	179103	87976
3353	179152	87920
3354	179200	87864
3355	179256	87812
3356	179332	87769
3357	179391	87719
3358	179465	87675
3359	179533	87629
3360	179583	87574
3361	179631	87518
3362	179680	87462
3363	179726	87405
3364	179777	87351
3365	179825	87295
3366	179873	87239
3367	179927	87185
3368	179993	87138
3369	180066	87094
3370	180171	87065
3371	180224	87012
3372	180288	86963
3373	180344	86911
3374	180393	86856
3375	180445	86802
3376	180503	86750
3377	180553	86695
3378	180607	86642
3379	180668	86592
3380	180725	86540
3381	180777	86486
3382	180829	86432
3383	180873	86374
3384	180920	86318
3385	180975	86265
3386	181025	86210
3387	181085	86159
3388	181142	86108
3389	181192	86053
3390	181229	85991
3391	181280	85937
3392	181328	85881
3393	181384	85828
3394	181448	85780
3395	181502	85727
3396	181552	85672
3397	181598	85615
3398	181649	85560
3399	181700	85506
3400	181744	85448
3401	181791	85391
3402	181846	85339
3403	181897	85284
3404	181953	85232
3405	182005	85178
3406	182056	85123
3407	182110	85070
3408	182159	85014
3409	182210	84960
3410	182261	84905
3411	182320	84854
3412	182382	84805
3413	182434	84751
3414	182482	84695
3415	182526	84637
3416	182576	84582
3417	182629	84528
3418	182680	84474
3419	182728	84418
3420	182778	84363
3421	182826	84307
3422	182878	84253
3423	182928	84198
3424	182980	84144
3425	183031	84089
3426	183076	84032
3427	183126	83977
3428	183185	83926
3429	183239	83873
3430	183298	83822
3431	183344	83765
3432	183399	83713
3433	183450	83658
3434	183502	83604
3435	183553	83549
3436	183608	83497
3437	183666	83445
3438	183718	83391
3439	183760	83333
3440	183811	83278
3441	183864	83225
3442	183912	83169
3443	183959	83113
3444	184010	83058
3445	184061	83003
3446	184113	82949
3447	184166	82896
3448	184213	82839
3449	184264	82785
3450	184318	82732
3451	184367	82676
3452	184416	82621
3453	184465	82566
3454	184518	82512
3455	184569	82458
3456	184636	82410
3457	184704	82363
3458	184749	82306
3459	184798	82251
3460	184847	82195
3461	184898	82141
3462	184941	82083
3463	184992	82028
3464	185041	81973
3465	185094	81919
3466	185146	81865
3467	185195	81810
3468	185241	81753
3469	185295	81700
3470	185340	81643
3471	185386	81587
3472	185435	81531
3473	185487	81477
3474	185535	81422
3475	185591	81369
3476	185639	81314
3477	185688	81258
3478	185737	81203
3479	185785	81147
3480	185834	81092
3481	185888	81039
3482	185944	80986
3483	185992	80931
3484	186042	80876
3485	186106	80827
3486	186155	80772
3487	186205	80717
3488	186259	80664
3489	186310	80609
3490	186358	80554
3491	186407	80499
3492	186458	80444
3493	186511	80391
3494	186560	80335
3495	186612	80281
3496	186662	80226
3497	186722	80176
3498	186772	80121
3499	186822	80066
3500	186870	80011
3501	186920	79956
3502	186970	79901
3503	187021	79847
3504	187074	79793
3505	187130	79741
3506	187180	79686
3507	187227	79630
3508	187277	79575
3509	187321	79518
3510	187353	79455
3511	187401	79400
3512	187446	79343
3513	187491	79286
3514	187534	79228
3515	187583	79173
3516	187631	79118
3517	187680	79062
3518	187730	79007
3519	187778	78952
3520	187831	78898
3521	187875	78841
3522	187923	78785
3523	187974	78731
3524	188023	78676
3525	188067	78619
3526	188121	78566
3527	188175	78513
3528	188229	78459
3529	188283	78406
3530	188330	78351
3531	188380	78296
3532	188425	78239
3533	188483	78188
3534	188532	78133
3535	188585	78079
3536	188639	78026
3537	188689	77971
3538	188738	77916
3539	188787	77861
3540	188831	77804
3541	188877	77747
3542	188925	77692
3543	188974	77637
3544	189022	77581
3545	189066	77524
3546	189117	77470
3547	189167	77415
3548	189216	77360
3549	189268	77306
3550	189317	77251
3551	189361	77194
3552	189412	77140
3553	189460	77084
3554	189508	77029
3555	189552	76972
3556	189599	76916
3557	189650	76862
3558	189693	76804
3559	189742	76749
3560	189796	76696
3561	189848	76642
3562	189896	76587
3563	189946	76532
3564	189994	76477
3565	190048	76424
3566	190098	76370
3567	190150	76316
3568	190201	76261
3569	190244	76204
3570	190298	76151
3571	190348	76096
3572	190393	76040
3573	190446	75986
3574	190496	75932
3575	190545	75877
3576	190586	75819
3577	190632	75762
3578	190677	75706
3579	190723	75650
3580	190774	75595
3581	190822	75540
3582	190865	75483
3583	190913	75427
3584	190962	75372
3585	191007	75316
3586	191056	75261
3587	191107	75207
3588	191157	75152
3589	191205	75097
3590	191251	75041
3591	191302	74987
3592	191358	74935
3593	191413	74882
3594	191467	74829
3595	191516	74774
3596	191570	74721
3597	191615	74665
3598	191666	74611
3599	191714	74555
3600	191765	74501
3601	191815	74446
3602	191892	74402
3603	191961	74355
3604	192012	74301
3605	192066	74248
3606	192115	74193
3607	192162	74138
3608	192207	74081
3609	192264	74029
3610	192316	73976
3611	192362	73920
3612	192412	73865
3613	192462	73810
3614	192510	73755
3615	192562	73701
3616	192611	73647
3617	192663	73593
3618	192715	73539
3619	192767	73485
3620	192817	73431
3621	192868	73377
3622	192919	73323
3623	192968	73268
3624	193018	73213
3625	193068	73159
3626	193119	73105
3627	193167	73050
3628	193218	72995
3629	193269	72941
3630	193317	72886
3631	193368	72832
3632	193423	72779
3633	193471	72724
3634	193522	72670
3635	193572	72616
3636	193625	72563
3637	193674	72508
3638	193722	72453
3639	193771	72398
3640	193819	72343
3641	193869	72288
3642	193921	72235
3643	193971	72180
3644	194019	72125
3645	194069	72070
3646	194120	72016
3647	194178	71965
3648	194231	71911
3649	194283	71858
3650	194330	71802
3651	194383	71749
3652	194432	71694
3653	194481	71639
3654	194533	71586
3655	194578	71529
3656	194636	71478
3657	194694	71426
3658	194745	71373
3659	194792	71317
3660	194841	71262
3661	194890	71208
3662	194938	71152
3663	194983	71096
3664	195033	71042
3665	195094	70992
3666	195150	70939
3667	195196	70883
3668	195251	70831
3669	195306	70778
3670	195360	70725
3671	195407	70670
3672	195463	70618
3673	195513	70563
3674	195557	70507
3675	195606	70452
3676	195660	70399
3677	195709	70344
3678	195760	70290
3679	195810	70236
3680	195858	70181
3681	195912	70128
3682	195954	70071
3683	196007	70017
3684	196051	69961
3685	196105	69908
3686	196161	69856
3687	196212	69802
3688	196260	69747
3689	196313	69693
3690	196369	69641
3691	196421	69588
3692	196472	69534
3693	196511	69475
3694	196559	69420
3695	196611	69367
3696	196665	69314
3697	196717	69260
3698	196767	69206
3699	196817	69152
3700	196868	69098
3701	196918	69043
3702	196980	68993
3703	197030	68939
3704	197075	68883
3705	197122	68828
3706	197172	68773
3707	197218	68718
3708	197269	68663
3709	197316	68608
3710	197368	68555
3711	197419	68501
3712	197467	68446
3713	197512	68390
3714	197559	68334
3715	197625	68286
3716	197676	68232
3717	197736	68181
3718	197785	68126
3719	197834	68072
3720	197885	68018
3721	197934	67963
3722	197980	67908
3723	198013	67847
3724	198056	67791
3725	198105	67736
3726	198154	67682
3727	198205	67627
3728	198258	67574
3729	198309	67521
3730	198357	67466
3731	198407	67411
3732	198459	67358
3733	198511	67304
3734	198560	67249
3735	198604	67193
3736	198653	67139
3737	198701	67084
3738	198750	67029
3739	198803	66976
3740	198853	66922
3741	198900	66867
3742	198948	66812
3743	199001	66759
3744	199048	66703
3745	199093	66647
3746	199142	66593
3747	199195	66540
3748	199248	66486
3749	199299	66433
3750	199349	66379
3751	199391	66321
3752	199440	66267
3753	199485	66211
3754	199531	66156
3755	199615	66113
3756	199667	66059
3757	199727	66008
3758	199777	65954
3759	199822	65899
3760	199876	65845
3761	199925	65791
3762	199978	65738
3763	200028	65684
3764	200078	65629
3765	200125	65574
3766	200177	65521
3767	200230	65468
3768	200282	65414
3769	200327	65358
3770	200383	65306
3771	200431	65251
3772	200483	65198
3773	200534	65144
3774	200585	65090
3775	200635	65036
3776	200669	64977
3777	200719	64922
3778	200768	64868
3779	200819	64814
3780	200871	64761
3781	200921	64707
3782	200969	64652
3783	201025	64600
3784	201065	64542
3785	201119	64489
3786	201166	64434
3787	201218	64381
3788	201269	64327
3789	201318	64273
3790	201366	64218
3791	201416	64164
3792	201466	64110
3793	201514	64055
3794	201565	64001
3795	201613	63946
3796	201661	63892
3797	201706	63836
3798	201753	63781
3799	201798	63725
3800	201848	63671
3801	201896	63616
3802	201944	63562
3803	201996	63508
3804	202048	63455
3805	202092	63399
3806	202135	63343
3807	202181	63287
3808	202237	63235
3809	202285	63180
3810	202336	63127
3811	202391	63074
3812	202436	63019
3813	202488	62965
3814	202540	62912
3815	202590	62858
3816	202640	62804
3817	202685	62748
3818	202735	62694
3819	202786	62640
3820	202836	62586
3821	202888	62533
3822	202935	62478
3823	202984	62424
3824	203036	62370
3825	203082	62315
3826	203131	62261
3827	203183	62207
3828	203235	62154
3829	203282	62099
3830	203334	62045
3831	203384	61991
3832	203434	61938
3833	203483	61883
3834	203536	61830
3835	203587	61776
3836	203638	61723
3837	203684	61668
3838	203731	61613
3839	203788	61561
3840	203839	61507
3841	203888	61453
3842	203939	61399
3843	203990	61345
3844	204040	61291
3845	204090	61237
3846	204141	61184
3847	204189	61129
3848	204242	61076
3849	204290	61021
3850	204342	60968
3851	204423	60923
3852	204472	60869
3853	204519	60814
3854	204566	60759
3855	204614	60705
3856	204664	60651
3857	204716	60597
3858	204766	60543
3859	204816	60489
3860	204862	60434
3861	204910	60380
3862	204957	60325
3863	205008	60271
3864	205055	60216
3865	205100	60161
3866	205149	60107
3867	205199	60053
3868	205250	59999
3869	205299	59945
3870	205349	59891
3871	205400	59837
3872	205450	59783
3873	205499	59729
3874	205548	59675
3875	205594	59620
3876	205643	59566
3877	205692	59511
3878	205745	59458
3879	205789	59403
3880	205838	59349
3881	205884	59293
3882	205932	59239
3883	205978	59184
3884	206022	59128
3885	206069	59073
3886	206120	59020
3887	206169	58966
3888	206221	58912
3889	206271	58858
3890	206319	58804
3891	206362	58748
3892	206412	58694
3893	206455	58638
3894	206502	58584
3895	206552	58530
3896	206601	58476
3897	206644	58420
3898	206695	58366
3899	206750	58314
3900	206794	58258
3901	206843	58204
3902	206896	58151
3903	206945	58097
3904	206994	58043
3905	207043	57989
3906	207092	57935
3907	207143	57881
3908	207189	57826
3909	207242	57773
3910	207284	57717
3911	207328	57662
3912	207379	57608
3913	207451	57560
3914	207505	57508
3915	207542	57450
3916	207590	57396
3917	207640	57342
3918	207690	57288
3919	207737	57233
3920	207784	57179
3921	207833	57125
3922	207878	57069
3923	207925	57015
3924	207973	56960
3925	208018	56905
3926	208063	56850
3927	208111	56796
3928	208154	56740
3929	208206	56687
3930	208252	56632
3931	208303	56578
3932	208356	56525
3933	208417	56475
3934	208467	56421
3935	208518	56367
3936	208585	56318
3937	208633	56264
3938	208681	56210
3939	208734	56156
3940	208784	56103
3941	208831	56048
3942	208880	55994
3943	208932	55941
3944	208983	55887
3945	209033	55834
3946	209082	55780
3947	209132	55726
3948	209179	55671
3949	209231	55618
3950	209281	55564
3951	209332	55511
3952	209382	55457
3953	209429	55403
3954	209482	55349
3955	209533	55296
3956	209585	55243
3957	209638	55190
3958	209685	55135
3959	209738	55082
3960	209786	55028
3961	209835	54974
3962	209886	54921
3963	209935	54867
3964	209983	54812
3965	210033	54758
3966	210082	54705
3967	210131	54651
3968	210185	54598
3969	210234	54544
3970	210288	54491
3971	210335	54437
3972	210387	54383
3973	210441	54331
3974	210490	54277
3975	210541	54223
3976	210589	54169
3977	210635	54114
3978	210686	54061
3979	210735	54007
3980	210786	53954
3981	210836	53900
3982	210885	53846
3983	210933	53792
3984	210981	53738
3985	211035	53685
3986	211081	53630
3987	211133	53577
3988	211182	53523
3989	211225	53468
3990	211273	53413
3991	211326	53361
3992	211375	53307
3993	211424	53253
3994	211470	53198
3995	211529	53146
3996	211581	53093
3997	211633	53040
3998	211683	52987
3999	211732	52933
4000	211782	52879
4001	211831	52825
4002	211872	52769
4003	211918	52715
4004	211968	52661
4005	212017	52607
4006	212059	52551
4007	212109	52498
4008	212160	52444
4009	212213	52391
4010	212260	52337
4011	212326	52287
4012	212372	52233
4013	212414	52177
4014	212465	52124
4015	212515	52070
4016	212563	52016
4017	212612	51962
4018	212662	51908
4019	212708	51854
4020	212756	51800
4021	212793	51743
4022	212846	51690
4023	212897	51637
4024	212949	51583
4025	213000	51530
4026	213051	51477
4027	213099	51423
4028	213148	51369
4029	213199	51316
4030	213247	51261
4031	213293	51207
4032	213366	51159
4033	213418	51106
4034	213468	51052
4035	213517	50998
4036	213560	50943
4037	213602	50887
4038	213645	50832
4039	213695	50779
4040	213747	50725
4041	213799	50672
4042	213854	50620
4043	213906	50567
4044	213955	50513
4045	214006	50460
4046	214056	50406
4047	214100	50351
4048	214150	50298
4049	214201	50244
4050	214249	50190
4051	214299	50137
4052	214351	50084
4053	214399	50030
4054	214446	49975
4055	214493	49921
4056	214543	49868
4057	214593	49814
4058	214642	49760
4059	214691	49706
4060	214738	49652
4061	214805	49603
4062	214869	49552
4063	214917	49498
4064	214967	49445
4065	215017	49391
4066	215067	49338
4067	215121	49285
4068	215174	49232
4069	215215	49176
4070	215264	49123
4071	215305	49067
4072	215364	49016
4073	215416	48963
4074	215461	48908
4075	215510	48854
4076	215561	48801
4077	215611	48747
4078	215663	48694
4079	215716	48641
4080	215769	48589
4081	215820	48535
4082	215872	48482
4083	215915	48427
4084	215967	48374
4085	216018	48321
4086	216066	48267
4087	216114	48213
4088	216169	48161
4089	216215	48106
4090	216263	48052
4091	216315	47999
4092	216361	47945
4093	216411	47891
4094	216461	47838
4095	216509	47784
4096	216565	47732
4097	216611	47677
4098	216662	47624
4099	216711	47570
4100	216760	47517
4101	216808	47463
4102	216859	47409
4103	216908	47356
4104	216948	47300
4105	217000	47247
4106	217048	47193
4107	217096	47139
4108	217141	47085
4109	217189	47031
4110	217240	46978
4111	217292	46925
4112	217338	46870
4113	217386	46816
4114	217427	46761
4115	217470	46706
4116	217517	46652
4117	217567	46599
4118	217616	46545
4119	217663	46491
4120	217712	46437
4121	217761	46384
4122	217811	46330
4123	217862	46277
4124	217911	46223
4125	217955	46168
4126	218003	46115
4127	218046	46060
4128	218095	46006
4129	218145	45953
4130	218196	45899
4131	218244	45846
4132	218295	45792
4133	218348	45740
4134	218398	45686
4135	218447	45633
4136	218489	45578
4137	218535	45523
4138	218582	45469
4139	218632	45416
4140	218680	45362
4141	218730	45309
4142	218781	45255
4143	218834	45203
4144	218888	45150
4145	218941	45097
4146	218991	45044
4147	219040	44991
4148	219092	44937
4149	219140	44884
4150	219189	44830
4151	219235	44776
4152	219264	44718
4153	219315	44665
4154	219378	44614
4155	219428	44561
4156	219473	44507
4157	219518	44452
4158	219569	44399
4159	219619	44346
4160	219668	44292
4161	219718	44239
4162	219764	44185
4163	219825	44133
4164	219876	44080
4165	219925	44027
4166	219970	43972
4167	220020	43919
4168	220063	43864
4169	220114	43811
4170	220166	43758
4171	220218	43705
4172	220269	43652
4173	220318	43599
4174	220369	43546
4175	220422	43493
4176	220477	43440
4177	220526	43387
4178	220574	43333
4179	220625	43280
4180	220669	43226
4181	220712	43171
4182	220761	43117
4183	220812	43064
4184	220865	43012
4185	220915	42958
4186	220966	42905
4187	221012	42851
4188	221065	42798
4189	221116	42745
4190	221178	42694
4191	221228	42641
4192	221277	42587
4193	221326	42534
4194	221380	42481
4195	221432	42428
4196	221480	42375
4197	221526	42321
4198	221575	42267
4199	221626	42214
4200	221677	42161
4201	221727	42108
4202	221778	42055
4203	221829	42001
4204	221880	41948
4205	221929	41895
4206	221977	41841
4207	222025	41788
4208	222070	41733
4209	222123	41681
4210	222175	41628
4211	222225	41574
4212	222276	41521
4213	222326	41468
4214	222376	41415
4215	222434	41363
4216	222482	41309
4217	222527	41255
4218	222613	41209
4219	222679	41158
4220	222731	41105
4221	222781	41052
4222	222815	40996
4223	222862	40942
4224	222914	40889
4225	222960	40835
4226	223011	40782
4227	223062	40729
4228	223125	40678
4229	223174	40625
4230	223222	40571
4231	223269	40517
4232	223322	40464
4233	223372	40411
4234	223418	40357
4235	223468	40304
4236	223516	40250
4237	223566	40197
4238	223615	40144
4239	223664	40090
4240	223716	40037
4241	223761	39983
4242	223811	39930
4243	223857	39876
4244	223908	39823
4245	223958	39770
4246	224009	39717
4247	224057	39663
4248	224102	39609
4249	224153	39556
4250	224205	39503
4251	224257	39450
4252	224310	39398
4253	224360	39344
4254	224412	39292
4255	224459	39238
4256	224509	39184
4257	224551	39130
4258	224601	39077
4259	224651	39024
4260	224699	38970
4261	224749	38917
4262	224815	38866
4263	224862	38812
4264	224911	38759
4265	224960	38706
4266	225012	38653
4267	225062	38600
4268	225116	38547
4269	225172	38495
4270	225221	38442
4271	225271	38389
4272	225326	38336
4273	225376	38283
4274	225425	38230
4275	225471	38176
4276	225522	38123
4277	225570	38069
4278	225624	38017
4279	225671	37963
4280	225738	37913
4281	225787	37859
4282	225836	37806
4283	225884	37752
4284	225936	37700
4285	225983	37646
4286	226025	37591
4287	226071	37538
4288	226118	37484
4289	226166	37430
4290	226214	37377
4291	226264	37324
4292	226307	37269
4293	226359	37217
4294	226410	37163
4295	226460	37110
4296	226512	37057
4297	226559	37004
4298	226607	36950
4299	226670	36899
4300	226720	36846
4301	226771	36793
4302	226822	36740
4303	226866	36686
4304	226916	36633
4305	226964	36580
4306	227014	36526
4307	227063	36473
4308	227115	36420
4309	227164	36367
4310	227212	36313
4311	227260	36260
4312	227305	36206
4313	227352	36152
4314	227401	36099
4315	227453	36046
4316	227501	35993
4317	227553	35940
4318	227603	35887
4319	227645	35833
4320	227691	35779
4321	227743	35726
4322	227803	35674
4323	227854	35622
4324	227904	35568
4325	227953	35515
4326	228006	35462
4327	228057	35409
4328	228110	35357
4329	228166	35305
4330	228216	35252
4331	228266	35199
4332	228329	35147
4333	228380	35094
4334	228439	35043
4335	228486	34989
4336	228534	34936
4337	228588	34883
4338	228636	34830
4339	228686	34777
4340	228735	34724
4341	228789	34671
4342	228839	34618
4343	228889	34565
4344	228933	34511
4345	228981	34457
4346	229029	34404
4347	229075	34350
4348	229124	34297
4349	229173	34244
4350	229222	34191
4351	229275	34138
4352	229326	34085
4353	229376	34032
4354	229427	33979
4355	229470	33925
4356	229520	33872
4357	229566	33818
4358	229617	33765
4359	229662	33711
4360	229710	33658
4361	229753	33604
4362	229799	33550
4363	229849	33497
4364	229901	33445
4365	229948	33391
4366	230001	33338
4367	230050	33285
4368	230104	33233
4369	230156	33180
4370	230207	33127
4371	230256	33074
4372	230310	33021
4373	230374	32970
4374	230439	32919
4375	230489	32866
4376	230539	32813
4377	230588	32760
4378	230634	32706
4379	230673	32652
4380	230717	32598
4381	230768	32545
4382	230816	32492
4383	230865	32439
4384	230911	32385
4385	230959	32332
4386	231003	32278
4387	231053	32225
4388	231117	32174
4389	231167	32121
4390	231215	32067
4391	231279	32016
4392	231328	31963
4393	231378	31910
4394	231427	31857
4395	231476	31804
4396	231519	31750
4397	231568	31697
4398	231613	31643
4399	231665	31590
4400	231713	31537
4401	231764	31484
4402	231814	31431
4403	231863	31378
4404	231911	31325
4405	231960	31272
4406	232011	31219
4407	232065	31166
4408	232118	31114
4409	232162	31060
4410	232212	31007
4411	232259	30953
4412	232309	30900
4413	232357	30847
4414	232407	30794
4415	232458	30741
4416	232511	30689
4417	232560	30636
4418	232622	30584
4419	232666	30530
4420	232715	30477
4421	232763	30424
4422	232805	30370
4423	232850	30316
4424	232901	30264
4425	232954	30211
4426	233007	30158
4427	233055	30105
4428	233110	30053
4429	233154	29999
4430	233205	29946
4431	233255	29893
4432	233309	29841
4433	233360	29788
4434	233410	29735
4435	233459	29682
4436	233508	29629
4437	233557	29576
4438	233601	29522
4439	233645	29468
4440	233693	29415
4441	233735	29361
4442	233776	29307
4443	233825	29254
4444	233873	29201
4445	233924	29148
4446	233977	29095
4447	234025	29042
4448	234072	28989
4449	234130	28937
4450	234189	28885
4451	234240	28832
4452	234301	28781
4453	234348	28727
4454	234392	28674
4455	234438	28620
4456	234491	28568
4457	234534	28514
4458	234582	28461
4459	234630	28408
4460	234680	28355
4461	234729	28302
4462	234779	28249
4463	234829	28196
4464	234877	28143
4465	234928	28090
4466	234978	28037
4467	235025	27984
4468	235078	27931
4469	235131	27879
4470	235179	27825
4471	235226	27772
4472	235269	27719
4473	235314	27665
4474	235360	27612
4475	235412	27559
4476	235461	27506
4477	235504	27452
4478	235548	27399
4479	235593	27345
4480	235637	27292
4481	235685	27238
4482	235727	27185
4483	235778	27132
4484	235825	27079
4485	235873	27026
4486	235916	26972
4487	235961	26919
4488	236008	26865
4489	236054	26812
4490	236099	26759
4491	236147	26705
4492	236196	26652
4493	236250	26600
4494	236299	26547
4495	236346	26494
4496	236395	26441
4497	236446	26388
4498	236498	26336
4499	236550	26283
4500	236599	26230
4501	236649	26177
4502	236699	26124
4503	236751	26072
4504	236802	26019
4505	236868	25968
4506	236914	25915
4507	236964	25862
4508	237011	25808
4509	237063	25756
4510	237110	25703
4511	237158	25650
4512	237208	25597
4513	237260	25544
4514	237306	25491
4515	237354	25438
4516	237399	25384
4517	237451	25332
4518	237500	25279
4519	237550	25226
4520	237599	25173
4521	237648	25120
4522	237694	25067
4523	237742	25014
4524	237792	24961
4525	237835	24908
4526	237900	24856
4527	237956	24804
4528	238000	24751
4529	238049	24698
4530	238099	24645
4531	238148	24592
4532	238200	24539
4533	238249	24487
4534	238296	24433
4535	238348	24381
4536	238400	24328
4537	238450	24275
4538	238500	24223
4539	238550	24170
4540	238600	24117
4541	238646	24064
4542	238705	24012
4543	238750	23959
4544	238798	23906
4545	238847	23853
4546	238899	23800
4547	238946	23747
4548	238999	23695
4549	239049	23642
4550	239100	23589
4551	239159	23537
4552	239223	23486
4553	239270	23433
4554	239320	23380
4555	239367	23327
4556	239415	23274
4557	239465	23221
4558	239516	23168
4559	239565	23115
4560	239616	23063
4561	239667	23010
4562	239712	22957
4563	239757	22904
4564	239806	22851
4565	239857	22798
4566	239900	22745
4567	239949	22692
4568	239997	22639
4569	240045	22586
4570	240096	22533
4571	240144	22480
4572	240187	22427
4573	240235	22374
4574	240281	22321
4575	240328	22268
4576	240371	22214
4577	240419	22161
4578	240467	22108
4579	240516	22056
4580	240559	22002
4581	240610	21950
4582	240660	21897
4583	240708	21844
4584	240756	21791
4585	240803	21738
4586	240852	21685
4587	240900	21632
4588	240948	21579
4589	240997	21526
4590	241044	21474
4591	241087	21420
4592	241134	21367
4593	241184	21314
4594	241234	21262
4595	241287	21209
4596	241330	21156
4597	241379	21103
4598	241421	21050
4599	241469	20997
4600	241511	20943
4601	241553	20890
4602	241603	20837
4603	241658	20785
4604	241709	20732
4605	241758	20680
4606	241802	20626
4607	241851	20574
4608	241902	20521
4609	241952	20468
4610	242000	20416
4611	242054	20363
4612	242097	20310
4613	242144	20257
4614	242185	20203
4615	242232	20151
4616	242282	20098
4617	242329	20045
4618	242376	19992
4619	242424	19939
4620	242474	19886
4621	242518	19833
4622	242570	19781
4623	242615	19728
4624	242661	19675
4625	242711	19622
4626	242759	19569
4627	242807	19516
4628	242861	19464
4629	242906	19411
4630	242957	19358
4631	243003	19305
4632	243053	19253
4633	243100	19200
4634	243152	19147
4635	243197	19094
4636	243247	19042
4637	243296	18989
4638	243341	18936
4639	243389	18883
4640	243433	18830
4641	243480	18777
4642	243527	18724
4643	243579	18672
4644	243621	18619
4645	243670	18566
4646	243718	18513
4647	243768	18460
4648	243817	18408
4649	243869	18355
4650	243917	18303
4651	243968	18250
4652	244016	18197
4653	244070	18145
4654	244113	18092
4655	244163	18039
4656	244214	17986
4657	244267	17934
4658	244315	17881
4659	244364	17829
4660	244414	17776
4661	244462	17723
4662	244509	17670
4663	244560	17618
4664	244609	17565
4665	244654	17512
4666	244713	17460
4667	244763	17408
4668	244812	17355
4669	244861	17302
4670	244909	17250
4671	244957	17197
4672	245009	17144
4673	245053	17091
4674	245100	17039
4675	245152	16986
4676	245200	16933
4677	245252	16881
4678	245300	16828
4679	245348	16775
4680	245391	16722
4681	245442	16670
4682	245492	16617
4683	245540	16565
4684	245589	16512
4685	245640	16459
4686	245701	16408
4687	245769	16356
4688	245820	16304
4689	245872	16251
4690	245921	16199
4691	245973	16146
4692	246016	16093
4693	246070	16041
4694	246119	15988
4695	246169	15935
4696	246218	15883
4697	246263	15830
4698	246311	15777
4699	246361	15725
4700	246411	15672
4701	246461	15620
4702	246510	15567
4703	246561	15514
4704	246607	15462
4705	246656	15409
4706	246701	15356
4707	246753	15304
4708	246800	15251
4709	246850	15198
4710	246899	15146
4711	246950	15093
4712	247002	15041
4713	247056	14989
4714	247103	14936
4715	247158	14883
4716	247213	14831
4717	247262	14779
4718	247310	14726
4719	247356	14673
4720	247406	14621
4721	247457	14568
4722	247503	14515
4723	247549	14463
4724	247590	14410
4725	247640	14357
4726	247691	14305
4727	247745	14252
4728	247794	14200
4729	247840	14147
4730	247887	14094
4731	247942	14042
4732	247990	13989
4733	248043	13937
4734	248094	13884
4735	248144	13832
4736	248196	13779
4737	248248	13727
4738	248298	13674
4739	248346	13622
4740	248392	13569
4741	248442	13517
4742	248487	13464
4743	248537	13411
4744	248589	13359
4745	248632	13306
4746	248683	13254
4747	248733	13201
4748	248783	13148
4749	248833	13096
4750	248877	13043
4751	248920	12990
4752	248969	12938
4753	249018	12885
4754	249067	12833
4755	249116	12780
4756	249164	12727
4757	249216	12675
4758	249266	12623
4759	249317	12570
4760	249363	12517
4761	249406	12465
4762	249448	12412
4763	249497	12359
4764	249547	12307
4765	249593	12254
4766	249640	12201
4767	249688	12149
4768	249738	12096
4769	249788	12044
4770	249837	11991
4771	249884	11939
4772	249925	11886
4773	249976	11833
4774	250028	11781
4775	250078	11728
4776	250127	11676
4777	250177	11624
4778	250228	11571
4779	250276	11519
4780	250327	11466
4781	250379	11414
4782	250432	11361
4783	250480	11309
4784	250527	11256
4785	250576	11204
4786	250622	11151
4787	250664	11098
4788	250708	11046
4789	250753	10993
4790	250800	10940
4791	250850	10888
4792	250899	10835
4793	250952	10783
4794	251005	10731
4795	251055	10678
4796	251101	10626
4797	251151	10573
4798	251201	10521
4799	251251	10468
4800	251303	10416
4801	251354	10364
4802	251405	10311
4803	251453	10259
4804	251507	10206
4805	251555	10154
4806	251604	10101
4807	251653	10049
4808	251709	9997
4809	251768	9945
4810	251821	9892
4811	251868	9840
4812	251920	9787
4813	251969	9735
4814	252023	9683
4815	252073	9630
4816	252119	9578
4817	252170	9525
4818	252219	9473
4819	252272	9420
4820	252320	9368
4821	252367	9315
4822	252430	9263
4823	252478	9211
4824	252529	9159
4825	252577	9106
4826	252629	9054
4827	252674	9001
4828	252726	8949
4829	252775	8896
4830	252824	8844
4831	252875	8792
4832	252927	8739
4833	252976	8687
4834	253027	8634
4835	253094	8583
4836	253138	8530
4837	253189	8478
4838	253239	8425
4839	253291	8373
4840	253340	8320
4841	253387	8268
4842	253429	8215
4843	253470	8162
4844	253516	8110
4845	253567	8058
4846	253621	8005
4847	253690	7953
4848	253740	7901
4849	253789	7849
4850	253840	7796
4851	253889	7744
4852	253940	7691
4853	253988	7639
4854	254039	7587
4855	254087	7534
4856	254137	7482
4857	254187	7429
4858	254236	7377
4859	254280	7324
4860	254332	7272
4861	254381	7220
4862	254432	7167
4863	254481	7115
4864	254533	7063
4865	254583	7010
4866	254626	6958
4867	254670	6905
4868	254720	6853
4869	254762	6800
4870	254811	6748
4871	254872	6696
4872	254916	6643
4873	254960	6591
4874	255012	6538
4875	255063	6486
4876	255112	6434
4877	255163	6381
4878	255213	6329
4879	255260	6276
4880	255311	6224
4881	255363	6172
4882	255409	6119
4883	255453	6067
4884	255505	6014
4885	255546	5962
4886	255589	5909
4887	255637	5857
4888	255686	5805
4889	255734	5752
4890	255787	5700
4891	255836	5648
4892	255885	5595
4893	255933	5543
4894	255981	5490
4895	256031	5438
4896	256080	5386
4897	256127	5333
4898	256182	5281
4899	256232	5229
4900	256284	5176
4901	256330	5124
4902	256390	5072
4903	256439	5020
4904	256489	4967
4905	256539	4915
4906	256592	4863
4907	256644	4810
4908	256697	4758
4909	256747	4706
4910	256792	4653
4911	256844	4601
4912	256894	4549
4913	256945	4496
4914	256994	4444
4915	257040	4392
4916	257088	4339
4917	257137	4287
4918	257183	4234
4919	257227	4182
4920	257277	4130
4921	257326	4077
4922	257372	4025
4923	257419	3973
4924	257463	3920
4925	257507	3868
4926	257550	3815
4927	257597	3763
4928	257638	3711
4929	257682	3658
4930	257732	3606
4931	257784	3554
4932	257833	3501
4933	257883	3449
4934	257932	3397
4935	257984	3345
4936	258034	3292
4937	258083	3240
4938	258127	3188
4939	258177	3135
4940	258225	3083
4941	258274	3031
4942	258322	2978
4943	258371	2926
4944	258423	2874
4945	258472	2821
4946	258524	2769
4947	258574	2717
4948	258622	2665
4949	258669	2612
4950	258718	2560
4951	258764	2508
4952	258811	2455
4953	258861	2403
4954	258912	2351
4955	258964	2299
4956	259011	2246
4957	259060	2194
4958	259109	2142
4959	259158	2089
4960	259204	2037
4961	259253	1985
4962	259303	1933
4963	259351	1880
4964	259400	1828
4965	259446	1776
4966	259497	1724
4967	259549	1671
4968	259597	1619
4969	259647	1567
4970	259698	1515
4971	259743	1462
4972	259794	1410
4973	259843	1358
4974	259897	1306
4975	259946	1253
4976	260001	1201
4977	260047	1149
4978	260096	1097
4979	260147	1044
4980	260196	992
4981	260247	940
4982	260290	888
4983	260338	835
4984	260384	783
4985	260436	731
4986	260486	679
4987	260535	626
4988	260583	574
4989	260633	522
4990	260686	470
4991	260740	417
4992	260788	365
4993	260834	313
4994	260879	261
4995	260929	208
4996	260976	156
4997	261025	104
4998	261073	52
4999	261135	0
>>>>>>> origin/thanmoi
